city,nightmarket_name,latitude,longitude,place_id,wt,url
基隆市,基隆廟口夜市,25.128445,121.7431519,ChIJY5adFT5OXTQRHkmS-RPdhB0,"['Monday: Open 24 hours', 'Tuesday: Open 24 hours', 'Wednesday: Open 24 hours', 'Thursday: Open 24 hours', 'Friday: Open 24 hours', 'Saturday: Open 24 hours', 'Sunday: Open 24 hours']",https://maps.google.com/?cid=2127068001886947614
基隆市,八斗子夜市,25.1426177,121.7899976,ChIJ54Uc359PXTQR8Qw2DxCxYDI,"['Monday: Closed', 'Tuesday: Closed', 'Wednesday: Closed', 'Thursday: Closed', 'Friday: Closed', 'Saturday: 5:00\u202fPM\u2009–\u200912:00\u202fAM', 'Sunday: 5:00\u202fPM\u2009–\u200912:00\u202fAM']",https://maps.google.com/?cid=3630095982193413361
基隆市,七堵夜市,25.0977747,121.7143498,ChIJb1saTh9SXTQRQZuCIWoXQS4,"['Monday: 10:30\u202fAM\u2009–\u200911:30\u202fPM', 'Tuesday: 10:30\u202fAM\u2009–\u200911:30\u202fPM', 'Wednesday: 10:30\u202fAM\u2009–\u200911:30\u202fPM', 'Thursday: 10:30\u202fAM\u2009–\u200911:30\u202fPM', 'Friday: 10:30\u202fAM\u2009–\u200911:30\u202fPM', 'Saturday: 10:30\u202fAM\u2009–\u200911:30\u202fPM', 'Sunday: 10:30\u202fAM\u2009–\u200911:30\u202fPM']",https://maps.google.com/?cid=3332970943827057473
臺北市,士林夜市,25.0884972,121.5243504,ChIJBa_9xLGuQjQRKfnnhr5twuc,"['Monday: 4:00\u202fPM\u2009–\u200912:00\u202fAM', 'Tuesday: 4:00\u202fPM\u2009–\u200912:00\u202fAM', 'Wednesday: 4:00\u202fPM\u2009–\u200912:00\u202fAM', 'Thursday: 4:00\u202fPM\u2009–\u200912:00\u202fAM', 'Friday: 4:00\u202fPM\u2009–\u200912:00\u202fAM', 'Saturday: 4:00\u202fPM\u2009–\u200912:00\u202fAM', 'Sunday: 4:00\u202fPM\u2009–\u200912:00\u202fAM']",https://maps.google.com/?cid=16700031033317783849
臺北市,華西街夜市,25.0385988,121.4984426,ChIJa_nIQKmpQjQROfvCKC0Y7mo,"['Monday: 4:00\u202fPM\u2009–\u200912:00\u202fAM', 'Tuesday: 4:00\u202fPM\u2009–\u200912:00\u202fAM', 'Wednesday: 4:00\u202fPM\u2009–\u200912:00\u202fAM', 'Thursday: 4:00\u202fPM\u2009–\u200912:00\u202fAM', 'Friday: 4:00\u202fPM\u2009–\u200912:00\u202fAM', 'Saturday: 4:00\u202fPM\u2009–\u200912:00\u202fAM', 'Sunday: 4:00\u202fPM\u2009–\u200912:00\u202fAM']",https://maps.google.com/?cid=7705122594713959225
臺北市,艋舺夜市,25.036731,121.4976133,ChIJ-W490KipQjQRIQknzhWhmYs,"['Monday: 4:00\u202fPM\u2009–\u200912:00\u202fAM', 'Tuesday: 4:00\u202fPM\u2009–\u200912:00\u202fAM', 'Wednesday: 4:00\u202fPM\u2009–\u200912:00\u202fAM', 'Thursday: 4:00\u202fPM\u2009–\u200912:00\u202fAM', 'Friday: 4:00\u202fPM\u2009–\u200912:00\u202fAM', 'Saturday: 4:00\u202fPM\u2009–\u200912:00\u202fAM', 'Sunday: 4:00\u202fPM\u2009–\u200912:00\u202fAM']",https://maps.google.com/?cid=10059248357733763361
臺北市,饒河街觀光夜市,25.0508854,121.5774891,ChIJg6W0DZyrQjQR9vZdgYMRoj0,"['Monday: 5:00\u202fPM\u2009–\u200912:00\u202fAM', 'Tuesday: 5:00\u202fPM\u2009–\u200912:00\u202fAM', 'Wednesday: 5:00\u202fPM\u2009–\u200912:00\u202fAM', 'Thursday: 5:00\u202fPM\u2009–\u200912:00\u202fAM', 'Friday: 5:00\u202fPM\u2009–\u200912:00\u202fAM', 'Saturday: 5:00\u202fPM\u2009–\u200912:00\u202fAM', 'Sunday: 5:00\u202fPM\u2009–\u200912:00\u202fAM']",https://maps.google.com/?cid=4441131439049537270
臺北市,公館夜市,25.0137201,121.5347221,ChIJVVVVVRWsQjQRwQH6WTfTfPA,"['Monday: 3:00\u2009–\u200911:45\u202fPM', 'Tuesday: 3:00\u2009–\u200911:45\u202fPM', 'Wednesday: 3:00\u2009–\u200911:45\u202fPM', 'Thursday: 3:00\u2009–\u200911:45\u202fPM', 'Friday: 3:00\u2009–\u200911:45\u202fPM', 'Saturday: 3:00\u2009–\u200911:45\u202fPM', 'Sunday: 3:00\u2009–\u200911:45\u202fPM']",https://maps.google.com/?cid=17328957700901044673
臺北市,南機場觀光夜市,25.0291811,121.5059244,ChIJv92qsLGpQjQRPYW4ymlvqS0,"['Monday: 5:00\u202fPM\u2009–\u200912:00\u202fAM', 'Tuesday: 5:00\u202fPM\u2009–\u200912:00\u202fAM', 'Wednesday: 5:00\u202fPM\u2009–\u200912:00\u202fAM', 'Thursday: 5:00\u202fPM\u2009–\u200912:00\u202fAM', 'Friday: 5:00\u202fPM\u2009–\u200912:00\u202fAM', 'Saturday: 5:00\u202fPM\u2009–\u200912:00\u202fAM', 'Sunday: 5:00\u202fPM\u2009–\u200912:00\u202fAM']",https://maps.google.com/?cid=3290283502934197565
臺北市,師大夜市,25.0245042,121.5293123,ChIJYb4lRIWpQjQREaRSQFRYYZc,"['Monday: 4:00\u2009–\u200911:00\u202fPM', 'Tuesday: 4:00\u2009–\u200911:00\u202fPM', 'Wednesday: 4:00\u2009–\u200911:00\u202fPM', 'Thursday: 4:00\u2009–\u200911:00\u202fPM', 'Friday: 4:00\u2009–\u200911:00\u202fPM', 'Saturday: 4:00\u202fPM\u2009–\u200912:00\u202fAM', 'Sunday: 4:00\u202fPM\u2009–\u200912:00\u202fAM']",https://maps.google.com/?cid=10908096891347706897
臺北市,臨江街觀光夜市,25.0301412,121.5542672,ChIJB4taPsurQjQRLl26j8d9Xbo,"['Monday: 6:00\u202fPM\u2009–\u200912:00\u202fAM', 'Tuesday: 6:00\u202fPM\u2009–\u200912:00\u202fAM', 'Wednesday: 6:00\u202fPM\u2009–\u200912:00\u202fAM', 'Thursday: 6:00\u202fPM\u2009–\u200912:00\u202fAM', 'Friday: 6:00\u202fPM\u2009–\u200912:00\u202fAM', 'Saturday: 6:00\u202fPM\u2009–\u200912:00\u202fAM', 'Sunday: 6:00\u202fPM\u2009–\u200912:00\u202fAM']",https://maps.google.com/?cid=13429027959952006446
臺北市,寧夏夜市,25.0566808,121.5153641,ChIJxUXPVmupQjQRtBB6oj-S5qI,"['Monday: 5:00\u2009–\u200911:30\u202fPM', 'Tuesday: 5:00\u2009–\u200911:30\u202fPM', 'Wednesday: 5:00\u2009–\u200911:30\u202fPM', 'Thursday: 5:00\u2009–\u200911:30\u202fPM', 'Friday: 5:00\u2009–\u200911:30\u202fPM', 'Saturday: 5:00\u2009–\u200911:30\u202fPM', 'Sunday: 5:00\u2009–\u200911:30\u202fPM']",https://maps.google.com/?cid=11738230280794280116
臺北市,大龍街夜市,25.0714662,121.5159014,ChIJPWWwa0ipQjQRxhzXrUzdo9k,"['Monday: 4:00\u2009–\u200911:20\u202fPM', 'Tuesday: 4:00\u2009–\u200911:20\u202fPM', 'Wednesday: 4:00\u2009–\u200911:20\u202fPM', 'Thursday: 4:00\u2009–\u200911:20\u202fPM', 'Friday: 4:00\u2009–\u200911:20\u202fPM', 'Saturday: 4:00\u202fPM\u2009–\u200912:00\u202fAM', 'Sunday: 4:00\u202fPM\u2009–\u200912:00\u202fAM']",https://maps.google.com/?cid=15682621648838008006
臺北市,延三夜市,25.0633642,121.5111796,ChIJC1Rh4j6pQjQRDJAu726hNOo,"['Monday: 6:00\u202fPM\u2009–\u200912:00\u202fAM', 'Tuesday: 6:00\u202fPM\u2009–\u200912:00\u202fAM', 'Wednesday: 6:00\u202fPM\u2009–\u200912:00\u202fAM', 'Thursday: 6:00\u202fPM\u2009–\u200912:00\u202fAM', 'Friday: 6:00\u202fPM\u2009–\u200912:00\u202fAM', 'Saturday: 6:00\u202fPM\u2009–\u200912:00\u202fAM', 'Sunday: 6:00\u202fPM\u2009–\u200912:00\u202fAM']",https://maps.google.com/?cid=16876291201495371788
臺北市,景美夜市,24.9906733,121.5417191,ChIJLecU2gCqQjQRiVJa6GW-YkA,"['Monday: 5:00\u202fPM\u2009–\u200912:00\u202fAM', 'Tuesday: 5:00\u202fPM\u2009–\u200912:00\u202fAM', 'Wednesday: 5:00\u202fPM\u2009–\u200912:00\u202fAM', 'Thursday: 5:00\u202fPM\u2009–\u200912:00\u202fAM', 'Friday: 5:00\u202fPM\u2009–\u200912:00\u202fAM', 'Saturday: 5:00\u202fPM\u2009–\u200912:00\u202fAM', 'Sunday: 5:00\u202fPM\u2009–\u200912:00\u202fAM']",https://maps.google.com/?cid=4639479911044240009
臺北市,雙城街夜市,25.0644857,121.524335,ChIJV1siw0SpQjQR0-ZzGNkh8nI,"['Monday: 8:00\u202fAM\u2009–\u200912:00\u202fAM', 'Tuesday: 8:00\u202fAM\u2009–\u200912:00\u202fAM', 'Wednesday: 8:00\u202fAM\u2009–\u200912:00\u202fAM', 'Thursday: 8:00\u202fAM\u2009–\u200912:00\u202fAM', 'Friday: 8:00\u202fAM\u2009–\u200912:00\u202fAM', 'Saturday: 8:00\u202fAM\u2009–\u200912:00\u202fAM', 'Sunday: 8:00\u202fAM\u2009–\u200912:00\u202fAM']",https://maps.google.com/?cid=8282719880989632211
臺北市,遼寧街夜市,25.0488683,121.5421769,ChIJtT7-mt6rQjQRGmGNfP5nQKA,"['Monday: 6:00\u202fPM\u2009–\u200912:00\u202fAM', 'Tuesday: 6:00\u202fPM\u2009–\u200912:00\u202fAM', 'Wednesday: 6:00\u202fPM\u2009–\u200912:00\u202fAM', 'Thursday: 6:00\u202fPM\u2009–\u200912:00\u202fAM', 'Friday: 6:00\u202fPM\u2009–\u200912:00\u202fAM', 'Saturday: 6:00\u202fPM\u2009–\u200912:00\u202fAM', 'Sunday: 6:00\u202fPM\u2009–\u200912:00\u202fAM']",https://maps.google.com/?cid=11547343787286946074
臺北市,石牌夜市,25.116731,121.5163978,ChIJi0R3gIuuQjQR_wMe49zFT70,"['Monday: 4:00\u202fPM\u2009–\u20091:00\u202fAM', 'Tuesday: 4:00\u202fPM\u2009–\u20091:00\u202fAM', 'Wednesday: 4:00\u202fPM\u2009–\u20091:00\u202fAM', 'Thursday: 4:00\u202fPM\u2009–\u20091:00\u202fAM', 'Friday: 4:00\u202fPM\u2009–\u20091:00\u202fAM', 'Saturday: 4:00\u202fPM\u2009–\u20091:00\u202fAM', 'Sunday: 4:00\u202fPM\u2009–\u20091:00\u202fAM']",https://maps.google.com/?cid=13641339348822393855
臺北市,林口街夜市,25.0378954,121.5793422,ChIJwewWNjarQjQR8Tzb6iiTzfs,"['Monday: 8:30\u2009–\u200911:30\u202fAM', 'Tuesday: 7:00\u202fAM\u2009–\u20091:00\u202fPM', 'Wednesday: 7:00\u202fAM\u2009–\u20091:00\u202fPM', 'Thursday: 7:00\u202fAM\u2009–\u20091:00\u202fPM', 'Friday: 7:00\u202fAM\u2009–\u20091:00\u202fPM', 'Saturday: 7:00\u202fAM\u2009–\u20091:00\u202fPM', 'Sunday: 7:00\u202fAM\u2009–\u20091:00\u202fPM']",https://maps.google.com/?cid=18144320277693807857
臺北市,737夜市,25.0794653,121.5784809,ChIJbcEo5ZKtQjQRorZTwbguPgo,[],https://maps.google.com/?cid=738078759987689122
臺北市,社子夜市,25.0877728,121.5094366,ChIJWawJle-vQjQRMQRyhiGxoc0,"['Monday: 4:00\u2009–\u200910:00\u202fPM', 'Tuesday: 4:00\u2009–\u200910:00\u202fPM', 'Wednesday: 4:00\u2009–\u200910:00\u202fPM', 'Thursday: 4:00\u2009–\u200910:00\u202fPM', 'Friday: 4:00\u2009–\u200910:00\u202fPM', 'Saturday: 4:00\u2009–\u200910:30\u202fPM', 'Sunday: 4:00\u2009–\u20099:30\u202fPM']",https://maps.google.com/?cid=14817319006573298737
新北市,四腳亭吉安宮夜市,25.1030895,121.7637324,ChIJ6Y27KwBRXTQRRxowzO8wnfE,"['Monday: 5:00\u2009–\u200911:00\u202fPM', 'Tuesday: Closed', 'Wednesday: Closed', 'Thursday: 5:00\u2009–\u200911:00\u202fPM', 'Friday: Closed', 'Saturday: Closed', 'Sunday: Closed']",https://maps.google.com/?cid=17410125540965227079
新北市,樂華夜市,25.0084156,121.5117271,ChIJDdo_4cKpQjQRb4wdglMtMYc,"['Monday: 4:00\u202fPM\u2009–\u200912:00\u202fAM', 'Tuesday: 4:00\u202fPM\u2009–\u200912:00\u202fAM', 'Wednesday: 4:00\u202fPM\u2009–\u200912:00\u202fAM', 'Thursday: 4:00\u202fPM\u2009–\u200912:00\u202fAM', 'Friday: 4:00\u202fPM\u2009–\u200912:00\u202fAM', 'Saturday: 4:00\u202fPM\u2009–\u200912:00\u202fAM', 'Sunday: 4:00\u202fPM\u2009–\u200912:00\u202fAM']",https://maps.google.com/?cid=9741617305667603567
新北市,湳雅夜市,25.0057165,121.4554698,ChIJOcH2AKkCaDQRIQV9e5s2Ke4,"['Monday: 5:00\u202fPM\u2009–\u200912:00\u202fAM', 'Tuesday: 5:00\u202fPM\u2009–\u200912:00\u202fAM', 'Wednesday: 5:00\u202fPM\u2009–\u200912:00\u202fAM', 'Thursday: 5:00\u202fPM\u2009–\u200912:00\u202fAM', 'Friday: 5:00\u202fPM\u2009–\u200912:00\u202fAM', 'Saturday: 5:00\u202fPM\u2009–\u200912:00\u202fAM', 'Sunday: 5:00\u202fPM\u2009–\u200912:00\u202fAM']",https://maps.google.com/?cid=17161307896491607329
新北市,裕民夜市,25.0283255,121.4607927,ChIJQ_f_PBOoQjQRsaTVyPPEivA,[],https://maps.google.com/?cid=17332882667214316721
新北市,三和夜市,25.0635655,121.5011253,ChIJT_8gBSOpQjQR9_Ck4yKHJXQ,"['Monday: 5:00\u202fPM\u2009–\u200912:00\u202fAM', 'Tuesday: 5:00\u202fPM\u2009–\u200912:00\u202fAM', 'Wednesday: 5:00\u202fPM\u2009–\u200912:00\u202fAM', 'Thursday: 5:00\u202fPM\u2009–\u200912:00\u202fAM', 'Friday: 5:00\u202fPM\u2009–\u200912:00\u202fAM', 'Saturday: 5:00\u202fPM\u2009–\u200912:00\u202fAM', 'Sunday: 5:00\u202fPM\u2009–\u200912:00\u202fAM']",https://maps.google.com/?cid=8369244066455810295
新北市,中和興南夜市,24.9899688,121.5107306,ChIJvXF2mXMCaDQRhQxlHSmkn9w,"['Monday: 5:30\u202fPM\u2009–\u200912:00\u202fAM', 'Tuesday: 5:30\u202fPM\u2009–\u200912:00\u202fAM', 'Wednesday: 5:30\u202fPM\u2009–\u200912:00\u202fAM', 'Thursday: 5:30\u202fPM\u2009–\u200912:00\u202fAM', 'Friday: 5:30\u202fPM\u2009–\u200912:00\u202fAM', 'Saturday: 5:30\u202fPM\u2009–\u200912:00\u202fAM', 'Sunday: 5:30\u202fPM\u2009–\u200912:00\u202fAM']",https://maps.google.com/?cid=15897605706134916229
新北市,樹林興仁花園夜市,25.0031642,121.4154278,ChIJzTvNsG4daDQRlij7q-R4YAQ,"['Monday: Closed', 'Tuesday: Closed', 'Wednesday: 5:00\u202fPM\u2009–\u200912:00\u202fAM', 'Thursday: Closed', 'Friday: 5:00\u202fPM\u2009–\u200912:00\u202fAM', 'Saturday: 5:00\u202fPM\u2009–\u200912:00\u202fAM', 'Sunday: 5:00\u202fPM\u2009–\u200912:00\u202fAM']",https://maps.google.com/?cid=315384897449175190
新北市,樹林夜市,24.9908145,121.4259883,ChIJsTcSjz4daDQRPIs1mQpaYCg,"['Monday: 5:30\u202fPM\u2009–\u200912:00\u202fAM', 'Tuesday: 5:30\u202fPM\u2009–\u200912:00\u202fAM', 'Wednesday: 5:30\u202fPM\u2009–\u200912:00\u202fAM', 'Thursday: 5:30\u202fPM\u2009–\u200912:00\u202fAM', 'Friday: 5:30\u202fPM\u2009–\u200912:00\u202fAM', 'Saturday: 5:30\u202fPM\u2009–\u200912:00\u202fAM', 'Sunday: 5:30\u202fPM\u2009–\u200912:00\u202fAM']",https://maps.google.com/?cid=2909424360847936316
新北市,新莊廟街夜市,25.0336951,121.4509529,ChIJC6Cpm3SoQjQRY_66yvOgRaY,"['Monday: 4:00\u202fPM\u2009–\u200912:00\u202fAM', 'Tuesday: 4:00\u202fPM\u2009–\u200912:00\u202fAM', 'Wednesday: 4:00\u202fPM\u2009–\u200912:00\u202fAM', 'Thursday: 4:00\u202fPM\u2009–\u200912:00\u202fAM', 'Friday: 4:00\u202fPM\u2009–\u200912:00\u202fAM', 'Saturday: 4:00\u202fPM\u2009–\u200912:00\u202fAM', 'Sunday: 4:00\u202fPM\u2009–\u200912:00\u202fAM']",https://maps.google.com/?cid=11981159352627822179
新北市,西盛夜市,25.0167946,121.4280368,ChIJQS9m5PWnQjQRFsTcyxZUGXc,"['Monday: Closed', 'Tuesday: Closed', 'Wednesday: Closed', 'Thursday: Closed', 'Friday: 5:00\u2009–\u200911:00\u202fPM', 'Saturday: Closed', 'Sunday: Closed']",https://maps.google.com/?cid=8581983021817447446
新北市,蘆洲廟口夜市,25.0832198,121.4716867,ChIJIW2yFsmoQjQRftqNcUth_ZE,"['Monday: 5:00\u2009–\u200911:00\u202fPM', 'Tuesday: 5:00\u2009–\u200911:00\u202fPM', 'Wednesday: 5:00\u2009–\u200911:00\u202fPM', 'Thursday: 5:00\u2009–\u200911:00\u202fPM', 'Friday: 5:00\u2009–\u200911:00\u202fPM', 'Saturday: 5:00\u2009–\u200911:00\u202fPM', 'Sunday: 5:00\u2009–\u200911:00\u202fPM']",https://maps.google.com/?cid=10519671281262910078
新北市,淡水英專夜市,25.1690096,121.4453441,ChIJM3a7B_ivQjQRNC1pqnNRdJM,"['Monday: 9:00\u202fAM\u2009–\u200910:00\u202fPM', 'Tuesday: 9:00\u202fAM\u2009–\u200910:00\u202fPM', 'Wednesday: 9:00\u202fAM\u2009–\u200910:00\u202fPM', 'Thursday: 9:00\u202fAM\u2009–\u200910:00\u202fPM', 'Friday: 9:00\u202fAM\u2009–\u200910:00\u202fPM', 'Saturday: 9:00\u202fAM\u2009–\u200910:00\u202fPM', 'Sunday: 9:00\u202fAM\u2009–\u200910:00\u202fPM']",https://maps.google.com/?cid=10625206978095951156
新北市,淡水沙崙夜市,25.1853274,121.4241094,ChIJZya_VYmlQjQR-1c9i3TKBrY,"['Monday: Closed', 'Tuesday: Closed', 'Wednesday: Closed', 'Thursday: Closed', 'Friday: 5:00\u2009–\u200911:00\u202fPM', 'Saturday: Closed', 'Sunday: 5:00\u2009–\u200911:00\u202fPM']",https://maps.google.com/?cid=13116393566664218619
新北市,集應廟夜市,25.2043666,121.4495364,ChIJt9HZW7qxQjQRslPsMAd9DbU,"['Monday: Closed', 'Tuesday: Closed', 'Wednesday: 4:00\u2009–\u200910:00\u202fPM', 'Thursday: Closed', 'Friday: Closed', 'Saturday: Closed', 'Sunday: 4:00\u2009–\u200910:00\u202fPM']",https://maps.google.com/?cid=13046221165401232306
新北市,三芝夜市,25.2600352,121.493602,ChIJtfc6QQCxQjQRxQbfFuajQ3Q,"['Monday: Closed', 'Tuesday: Closed', 'Wednesday: Closed', 'Thursday: Closed', 'Friday: Closed', 'Saturday: 5:00\u2009–\u200910:00\u202fPM', 'Sunday: Closed']",https://maps.google.com/?cid=8377719940460775109
新北市,鶯歌夜市,24.9545787,121.3502055,ChIJexMlcakeaDQRBoTurlUrfcI,"['Monday: 3:00\u202fPM\u2009–\u20091:00\u202fAM', 'Tuesday: 3:00\u202fPM\u2009–\u20091:00\u202fAM', 'Wednesday: 3:00\u202fPM\u2009–\u20091:00\u202fAM', 'Thursday: 3:00\u202fPM\u2009–\u20091:00\u202fAM', 'Friday: 3:00\u202fPM\u2009–\u20091:00\u202fAM', 'Saturday: 3:00\u202fPM\u2009–\u20091:00\u202fAM', 'Sunday: 3:00\u202fPM\u2009–\u200912:00\u202fAM']",https://maps.google.com/?cid=14014405262453933062
新北市,鶯歌龍鳳夜市,24.9728843,121.3328271,ChIJB9hJH_0faDQR1Afcwss2aO4,"['Monday: Closed', 'Tuesday: Closed', 'Wednesday: Closed', 'Thursday: Closed', 'Friday: 6:00\u2009–\u200910:00\u202fPM', 'Saturday: 6:00\u2009–\u200910:00\u202fPM', 'Sunday: 6:00\u2009–\u200910:00\u202fPM']",https://maps.google.com/?cid=17179041027380217812
新北市,林口夜市,25.0793777,121.3873684,ChIJy6KB4e-mQjQRAeiR8d5_Xh8,"['Monday: Closed', 'Tuesday: Closed', 'Wednesday: 5:00\u2009–\u200911:30\u202fPM', 'Thursday: Closed', 'Friday: Closed', 'Saturday: Closed', 'Sunday: 5:00\u2009–\u200911:30\u202fPM']",https://maps.google.com/?cid=2260384658498906113
新北市,八里廖添丁廟夜市,25.1435999,121.3958476,ChIJpc7mRwClQjQRO9hyyp1DMgc,"['Monday: Closed', 'Tuesday: Closed', 'Wednesday: Closed', 'Thursday: Closed', 'Friday: Closed', 'Saturday: 5:00\u2009–\u200910:00\u202fPM', 'Sunday: Closed']",https://maps.google.com/?cid=518551252086478907
新北市,西雲路夜市,25.0939076,121.4450958,ChIJ92KKYQCnQjQRoPiMNHL9M1s,"['Monday: Closed', 'Tuesday: Closed', 'Wednesday: 3:30\u2009–\u200910:30\u202fPM', 'Thursday: Closed', 'Friday: Closed', 'Saturday: Closed', 'Sunday: Closed']",https://maps.google.com/?cid=6571874948213438624
新北市,御史路夜市,25.1039151,121.4284164,ChIJYwrWR-GlQjQR5VBlO_aGF4A,[],https://maps.google.com/?cid=9229994353435693285
新北市,金山夜市,25.2223616,121.6367773,ChIJIWMpPl2zQjQR4X9_x7mYhks,[],https://maps.google.com/?cid=5442205123407216609
新北市,深坑慈聖夜市,25.0049639,121.6237351,ChIJkYPEyNOqQjQRXUa3edFlgCk,"['Monday: Closed', 'Tuesday: 6:00\u2009–\u200911:00\u202fPM', 'Wednesday: Closed', 'Thursday: Closed', 'Friday: 6:00\u2009–\u200911:00\u202fPM', 'Saturday: Closed', 'Sunday: Closed']",https://maps.google.com/?cid=2990502102938633821
新北市,五股工業區夜市,25.0662686,121.4598406,ChIJiUPD15CoQjQRzZYu5wD-gCM,"['Monday: Closed', 'Tuesday: 4:30\u2009–\u200910:00\u202fPM', 'Wednesday: Closed', 'Thursday: Closed', 'Friday: Closed', 'Saturday: Closed', 'Sunday: Closed']",https://maps.google.com/?cid=2558323868178486989
新北市,汐止觀光夜市,25.0662485,121.6582769,ChIJHeS6f2tTXTQR1ZSzMMKmaKE,[],https://maps.google.com/?cid=11630729390655247573
新北市,汐止弘道街夜市,25.0486052,121.6169032,ChIJl66Xf1qrQjQRgwGU6cwFJsU,"['Monday: Closed', 'Tuesday: 5:00\u2009–\u200911:00\u202fPM', 'Wednesday: Closed', 'Thursday: Closed', 'Friday: 5:00\u2009–\u200911:00\u202fPM', 'Saturday: Closed', 'Sunday: Closed']",https://maps.google.com/?cid=14206048452237066627
新北市,汐止樟樹夜市,25.0650226,121.6396292,ChIJW_EpY09TXTQRTzoFM2tHeS0,[],https://maps.google.com/?cid=3276728729631799887
新北市,長興街福德祠夜市,25.0796737,121.6709747,ChIJv2xzy6lTXTQRVAS1XlljMYw,"['Monday: Closed', 'Tuesday: Closed', 'Wednesday: Closed', 'Thursday: 5:00\u2009–\u20099:00\u202fPM', 'Friday: Closed', 'Saturday: Closed', 'Sunday: Closed']",https://maps.google.com/?cid=10101964674660893780
新北市,貢寮澳底夜市,25.0546286,121.9266839,ChIJObb4pcdcXTQRwcJ_RM6LM-o,"['Monday: 5:00\u2009–\u20099:30\u202fPM', 'Tuesday: Closed', 'Wednesday: Closed', 'Thursday: Closed', 'Friday: 5:00\u2009–\u20099:30\u202fPM', 'Saturday: Closed', 'Sunday: Closed']",https://maps.google.com/?cid=16875985946716127937
桃園市,南崁五福夜市,25.0516028,121.2958793,ChIJA91esnCgQjQRsIfe-W23NBQ,"['Monday: Closed', 'Tuesday: 5:30\u2009–\u200911:00\u202fPM', 'Wednesday: Closed', 'Thursday: Closed', 'Friday: 5:30\u2009–\u200911:00\u202fPM', 'Saturday: 5:30\u2009–\u200910:30\u202fPM', 'Sunday: Closed']",https://maps.google.com/?cid=1455990262518941616
桃園市,大竹夜市,25.0221245,121.2639,ChIJa_bg4IcfaDQRvno8MorTFgI,"['Monday: 5:00\u2009–\u200910:00\u202fPM', 'Tuesday: Closed', 'Wednesday: Closed', 'Thursday: 5:00\u2009–\u200910:00\u202fPM', 'Friday: Closed', 'Saturday: Closed', 'Sunday: Closed']",https://maps.google.com/?cid=150540228065262270
桃園市,桃園觀光夜市,25.0026972,121.3060018,ChIJ4crHk6ofaDQRE3cC4KSFkuo,"['Monday: 5:00\u202fPM\u2009–\u200912:00\u202fAM', 'Tuesday: 5:00\u202fPM\u2009–\u200912:00\u202fAM', 'Wednesday: 5:00\u202fPM\u2009–\u200912:00\u202fAM', 'Thursday: 5:00\u202fPM\u2009–\u200912:00\u202fAM', 'Friday: 5:00\u202fPM\u2009–\u200912:00\u202fAM', 'Saturday: 5:00\u202fPM\u2009–\u20091:00\u202fAM', 'Sunday: 5:00\u202fPM\u2009–\u20091:00\u202fAM']",https://maps.google.com/?cid=16902719294654281491
桃園市,中壢觀光夜市,24.9599913,121.2151627,ChIJTVRKncojaDQR3W-T_3sKgx4,"['Monday: 5:00\u202fPM\u2009–\u200912:00\u202fAM', 'Tuesday: 5:00\u202fPM\u2009–\u200912:00\u202fAM', 'Wednesday: 5:00\u202fPM\u2009–\u200912:00\u202fAM', 'Thursday: 5:00\u202fPM\u2009–\u200912:00\u202fAM', 'Friday: 5:00\u202fPM\u2009–\u200912:00\u202fAM', 'Saturday: 5:00\u202fPM\u2009–\u200912:00\u202fAM', 'Sunday: 5:00\u202fPM\u2009–\u200912:00\u202fAM']",https://maps.google.com/?cid=2198612570772041693
桃園市,中原夜市,24.9556104,121.240614,ChIJM8xOcBUiaDQR0Yg-Bnzg3io,"['Monday: 4:00\u202fPM\u2009–\u200912:00\u202fAM', 'Tuesday: 4:00\u202fPM\u2009–\u200912:00\u202fAM', 'Wednesday: 4:00\u202fPM\u2009–\u200912:00\u202fAM', 'Thursday: 4:00\u202fPM\u2009–\u200912:00\u202fAM', 'Friday: 4:00\u202fPM\u2009–\u200912:00\u202fAM', 'Saturday: 4:00\u202fPM\u2009–\u200912:00\u202fAM', 'Sunday: 4:00\u202fPM\u2009–\u200912:00\u202fAM']",https://maps.google.com/?cid=3089153217708067025
桃園市,興仁花園夜市,24.930651,121.283119,ChIJhxiHRNIYaDQRFG2a2zEPDZ0,"['Monday: Closed', 'Tuesday: 5:00\u202fPM\u2009–\u200912:00\u202fAM', 'Wednesday: Closed', 'Thursday: Closed', 'Friday: 5:00\u202fPM\u2009–\u200912:00\u202fAM', 'Saturday: 5:00\u202fPM\u2009–\u200912:00\u202fAM', 'Sunday: 5:00\u202fPM\u2009–\u200912:00\u202fAM']",https://maps.google.com/?cid=11316718145464069396
桃園市,楊梅觀光夜市,24.9107203,121.161677,ChIJ22TJObMkaDQRU7eAyMNyMPQ,"['Monday: Closed', 'Tuesday: Closed', 'Wednesday: Closed', 'Thursday: Closed', 'Friday: 5:00\u2009–\u200911:00\u202fPM', 'Saturday: Closed', 'Sunday: Closed']",https://maps.google.com/?cid=17595689929344595795
桃園市,埔心後站夜市,24.920011,121.183113,ChIJ3XD2S0MjaDQRiEFP_OI5RZk,[],https://maps.google.com/?cid=11044297308254454152
桃園市,富岡夜市,24.938687,121.080816,ChIJHwThQVglaDQR6g3WVjLX_MQ,[],https://maps.google.com/?cid=14194456736770166250
桃園市,菓林夜市,25.0737924,121.2590647,ChIJPatON_SfQjQR9Q1o7qT3Fxc,"['Monday: Closed', 'Tuesday: Closed', 'Wednesday: Closed', 'Thursday: 5:00\u2009–\u200911:00\u202fPM', 'Friday: Closed', 'Saturday: 5:00\u2009–\u200911:00\u202fPM', 'Sunday: Closed']",https://maps.google.com/?cid=1664070875083181557
桃園市,大園夜市,25.0664081,121.2002559,ChIJybMyLZwgaDQRFIbqyJ157ko,"['Monday: Closed', 'Tuesday: Closed', 'Wednesday: Closed', 'Thursday: Closed', 'Friday: 5:00\u202fPM\u2009–\u200912:00\u202fAM', 'Saturday: Closed', 'Sunday: 5:00\u202fPM\u2009–\u200912:00\u202fAM']",https://maps.google.com/?cid=5399386721851442708
桃園市,大溪夜市,24.8784094,121.290891,ChIJ_R5-JScYaDQRIJgn9T-ysM0,"['Monday: Closed', 'Tuesday: Closed', 'Wednesday: Closed', 'Thursday: 5:00\u2009–\u20099:30\u202fPM', 'Friday: Closed', 'Saturday: Closed', 'Sunday: Closed']",https://maps.google.com/?cid=14821542361441998880
桃園市,新屋夜市,24.9736596,121.0976909,ChIJtbcECrglaDQRK_c8vBJ9NBQ,"['Monday: Closed', 'Tuesday: Closed', 'Wednesday: Closed', 'Thursday: Closed', 'Friday: Closed', 'Saturday: Closed', 'Sunday: 4:00\u2009–\u200910:00\u202fPM']",https://maps.google.com/?cid=1455926098968508203
桃園市,草漯夜市,25.043166,121.138723,ChIJWWzp4hwnaDQRqCD5EVgJuzs,"['Monday: Closed', 'Tuesday: 6:30\u2009–\u200910:30\u202fPM', 'Wednesday: Closed', 'Thursday: 6:30\u2009–\u200910:30\u202fPM', 'Friday: Closed', 'Saturday: Closed', 'Sunday: Closed']",https://maps.google.com/?cid=4304044142745952424
桃園市,新坡夜市,25.0084718,121.1425616,ChIJk-974I8maDQRz12BzNh_F8k,"['Monday: 5:00\u2009–\u200911:00\u202fPM', 'Tuesday: Closed', 'Wednesday: Closed', 'Thursday: Closed', 'Friday: Closed', 'Saturday: 5:00\u2009–\u200911:00\u202fPM', 'Sunday: Closed']",https://maps.google.com/?cid=14490190895208553935
桃園市,觀音夜市,25.0392058,121.0791673,ChIJI3WgXsgpaDQRQ6lpzLj1r94,"['Monday: Closed', 'Tuesday: Closed', 'Wednesday: Closed', 'Thursday: 5:00\u2009–\u20099:00\u202fPM', 'Friday: Closed', 'Saturday: Closed', 'Sunday: Closed']",https://maps.google.com/?cid=16046314171396630851
桃園市,復興夜市,24.816755,121.349601,ChIJ4131C9QWaDQRPZ-zQ8axF0Q,[],https://maps.google.com/?cid=4906585784140930877
桃園市,山腳夜市,25.0845054,121.2872668,ChIJk5qcvkmgQjQRs96bHti64bg,"['Monday: Closed', 'Tuesday: Closed', 'Wednesday: 5:00\u2009–\u200910:00\u202fPM', 'Thursday: Closed', 'Friday: Closed', 'Saturday: Closed', 'Sunday: Closed']",https://maps.google.com/?cid=13322134610127871667
新竹市,城隍廟夜市,24.804381,120.9656054,ChIJJTpUEMA1aDQRze7yA22mBgw,"['Monday: 11:00\u202fAM\u2009–\u20099:00\u202fPM', 'Tuesday: 11:00\u202fAM\u2009–\u20099:00\u202fPM', 'Wednesday: 11:00\u202fAM\u2009–\u20099:00\u202fPM', 'Thursday: 11:00\u202fAM\u2009–\u20099:00\u202fPM', 'Friday: 11:00\u202fAM\u2009–\u20099:00\u202fPM', 'Saturday: 11:00\u202fAM\u2009–\u20099:00\u202fPM', 'Sunday: 11:00\u202fAM\u2009–\u20099:00\u202fPM']",https://maps.google.com/?cid=866562965463297741
新竹市,清大夜市,24.7962646,120.9984199,ChIJIYJLrXI2aDQRr2p66rmhpXQ,"['Monday: 5:00\u202fPM\u2009–\u200912:00\u202fAM', 'Tuesday: 5:00\u202fPM\u2009–\u200912:00\u202fAM', 'Wednesday: 5:00\u202fPM\u2009–\u200912:00\u202fAM', 'Thursday: 5:00\u202fPM\u2009–\u200912:00\u202fAM', 'Friday: 5:00\u202fPM\u2009–\u200912:00\u202fAM', 'Saturday: 5:00\u202fPM\u2009–\u200912:00\u202fAM', 'Sunday: Closed']",https://maps.google.com/?cid=8405302099431811759
新竹市,樹林頭夜市,24.8205098,120.9613581,ChIJCzLzm7Y1aDQRCbJy_oKZOhs,"['Monday: Closed', 'Tuesday: Closed', 'Wednesday: 5:00\u2009–\u200911:30\u202fPM', 'Thursday: Closed', 'Friday: 5:00\u2009–\u200911:30\u202fPM', 'Saturday: Closed', 'Sunday: Closed']",https://maps.google.com/?cid=1962049375567000073
新竹市,後站夜市,24.8009599,120.9742228,ChIJl4SGfQA1aDQR5ksYeImKiMw,"['Monday: Closed', 'Tuesday: 5:00\u2009–\u200911:00\u202fPM', 'Wednesday: Closed', 'Thursday: 5:00\u2009–\u200911:00\u202fPM', 'Friday: Closed', 'Saturday: Closed', 'Sunday: Closed']",https://maps.google.com/?cid=14738182103599959014
新竹市,青草湖夜市,24.7692143,120.9773363,ChIJB2YKSwVKaDQR6GTJEUjXjsw,"['Monday: Closed', 'Tuesday: Closed', 'Wednesday: 6:00\u2009–\u200911:00\u202fPM', 'Thursday: Closed', 'Friday: Closed', 'Saturday: Closed', 'Sunday: Closed']",https://maps.google.com/?cid=14739955334966240488
新竹市,內湖夜市,24.743597,120.9079071,ChIJKbhLWyVLaDQR4nODNxBlDgc,"['Monday: 6:00\u2009–\u200910:30\u202fPM', 'Tuesday: Closed', 'Wednesday: Closed', 'Thursday: 6:00\u2009–\u200910:30\u202fPM', 'Friday: Closed', 'Saturday: Closed', 'Sunday: Closed']",https://maps.google.com/?cid=508454928264688610
新竹市,中正台夜市,24.8032411,120.9685613,ChIJWRJ57cE1aDQRDUs75kSh8nU,"['Monday: 10:00\u202fAM\u2009–\u200910:00\u202fPM', 'Tuesday: 10:00\u202fAM\u2009–\u200910:00\u202fPM', 'Wednesday: 10:00\u202fAM\u2009–\u200910:00\u202fPM', 'Thursday: 10:00\u202fAM\u2009–\u200910:00\u202fPM', 'Friday: 10:00\u202fAM\u2009–\u200910:00\u202fPM', 'Saturday: 10:00\u202fAM\u2009–\u200910:00\u202fPM', 'Sunday: 10:00\u202fAM\u2009–\u200910:00\u202fPM']",https://maps.google.com/?cid=8499032764094040845
新竹縣,竹北夜市,24.8396309,120.9944896,ChIJyfcTjJg2aDQRIkrPLT_q3BE,"['Monday: Closed', 'Tuesday: Closed', 'Wednesday: Closed', 'Thursday: Closed', 'Friday: Closed', 'Saturday: 5:00\u2009–\u200911:00\u202fPM', 'Sunday: 5:00\u2009–\u200911:00\u202fPM']",https://maps.google.com/?cid=1287161150593518114
新竹縣,竹東沿河街夜市,24.7332122,121.1002795,ChIJ66JNHMJHaDQRcfoYYpgTbKc,[],https://maps.google.com/?cid=12064039047020477041
新竹縣,竹東二重埔夜市,24.765252,121.0574823,ChIJzVAf-903aDQRjVXnS1Jrahw,"['Monday: Closed', 'Tuesday: Closed', 'Wednesday: Closed', 'Thursday: 6:00\u2009–\u200911:00\u202fPM', 'Friday: Closed', 'Saturday: Closed', 'Sunday: Closed']",https://maps.google.com/?cid=2047566981798253965
新竹縣,湖口夜市,24.8959744,121.0416384,ChIJkSzT31YwaDQR0gMisvZ67fE,[],https://maps.google.com/?cid=17432724932590175186
新竹縣,關西夜市,24.7829333,121.1784034,ChIJkZ_-u9E-aDQRquAUNxsytn0,"['Monday: Closed', 'Tuesday: 6:00\u2009–\u200910:00\u202fPM', 'Wednesday: Closed', 'Thursday: Closed', 'Friday: Closed', 'Saturday: Closed', 'Sunday: Closed']",https://maps.google.com/?cid=9058482792971952298
新竹縣,新庄子夜市,24.9013818,120.9844481,ChIJ1W4CLtQzaDQRfCWIKNy8h60,"['Monday: Closed', 'Tuesday: Closed', 'Wednesday: Closed', 'Thursday: Closed', 'Friday: 5:00\u2009–\u200911:00\u202fPM', 'Saturday: Closed', 'Sunday: Closed']",https://maps.google.com/?cid=12504170544176309628
新竹縣,新豐夜市,24.8698462,120.9959279,ChIJv7Vv9FAxaDQRmQkFO9mkmSA,"['Monday: 6:00\u2009–\u200911:00\u202fPM', 'Tuesday: Closed', 'Wednesday: Closed', 'Thursday: Closed', 'Friday: Closed', 'Saturday: Closed', 'Sunday: Closed']",https://maps.google.com/?cid=2349089933555468697
新竹縣,新埔夜市,24.8246838,121.0802843,ChIJpWOvO1M5aDQRZWKW_yxZEuI,"['Monday: Open 24 hours', 'Tuesday: Open 24 hours', 'Wednesday: Open 24 hours', 'Thursday: Open 24 hours', 'Friday: Open 24 hours', 'Saturday: Open 24 hours', 'Sunday: Open 24 hours']",https://maps.google.com/?cid=16290180851953984101
新竹縣,北埔夜市,24.702826,121.0537167,ChIJWSp2QB9JaDQRWz2dIPYLbys,"['Monday: Closed', 'Tuesday: Closed', 'Wednesday: Closed', 'Thursday: Closed', 'Friday: 5:00\u2009–\u200910:00\u202fPM', 'Saturday: Closed', 'Sunday: Closed']",https://maps.google.com/?cid=3129733417782820187
新竹縣,竹中夜市,24.7809963,121.0322635,ChIJzXcAIzM2aDQRvcslff8M8wA,"['Monday: 5:00\u2009–\u200910:00\u202fPM', 'Tuesday: Closed', 'Wednesday: Closed', 'Thursday: Closed', 'Friday: Closed', 'Saturday: Closed', 'Sunday: Closed']",https://maps.google.com/?cid=68412710796512189
宜蘭縣,羅東夜市,24.6770442,121.7693122,ChIJrw3A9X3mZzQRa6_ZjGQS3Sk,"['Monday: 3:00\u202fPM\u2009–\u200912:00\u202fAM', 'Tuesday: 3:00\u202fPM\u2009–\u200912:00\u202fAM', 'Wednesday: 3:00\u202fPM\u2009–\u200912:00\u202fAM', 'Thursday: 3:00\u202fPM\u2009–\u200912:00\u202fAM', 'Friday: 3:00\u202fPM\u2009–\u200912:00\u202fAM', 'Saturday: 3:00\u202fPM\u2009–\u200912:00\u202fAM', 'Sunday: 3:00\u202fPM\u2009–\u200912:00\u202fAM']",https://maps.google.com/?cid=3016587548477206379
宜蘭縣,東門觀光夜市,24.7021073,121.7377502,ChIJWy8jaz3gZzQRrAfTE55Su88,[],https://maps.google.com/?cid=14968648625386882988
宜蘭縣,員山夜市,24.745015,121.7229172,ChIJ7Z4kK53kZzQRe1xcxXgiCz4,"['Monday: Closed', 'Tuesday: Closed', 'Wednesday: Closed', 'Thursday: 5:30\u2009–\u200910:30\u202fPM', 'Friday: Closed', 'Saturday: Closed', 'Sunday: Closed']",https://maps.google.com/?cid=4470704957197933691
宜蘭縣,冬山夜市,24.6360135,121.79214,ChIJZ1BLYi3mZzQRrLWkGum5ITM,"['Monday: Closed', 'Tuesday: Closed', 'Wednesday: Closed', 'Thursday: Closed', 'Friday: Closed', 'Saturday: 6:00\u2009–\u200910:00\u202fPM', 'Sunday: Closed']",https://maps.google.com/?cid=3684430380991296940
宜蘭縣,清溝夜市,24.66399,121.761295,ChIJD_EWDovmZzQRFlbEcXbdCSk,"['Monday: Closed', 'Tuesday: Closed', 'Wednesday: 6:00\u2009–\u200911:00\u202fPM', 'Thursday: Closed', 'Friday: Closed', 'Saturday: Closed', 'Sunday: Closed']",https://maps.google.com/?cid=2957138131130013206
宜蘭縣,南方澳夜市,24.5844397,121.8650256,ChIJuRYJp3zpZzQRRi2YlMtIDIU,"['Monday: 5:00\u2009–\u20099:00\u202fPM', 'Tuesday: Closed', 'Wednesday: Closed', 'Thursday: Closed', 'Friday: Closed', 'Saturday: Closed', 'Sunday: Closed']",https://maps.google.com/?cid=9587117745973505350
宜蘭縣,頭城夜市,24.8560675,121.8215068,ChIJR5PTmkP3ZzQR9bakvlLCLjo,"['Monday: Closed', 'Tuesday: Closed', 'Wednesday: Closed', 'Thursday: Closed', 'Friday: 5:30\u2009–\u200910:30\u202fPM', 'Saturday: Closed', 'Sunday: Closed']",https://maps.google.com/?cid=4192501963770083061
宜蘭縣,南澳夜市,24.4065995,121.6739371,ChIJ24i8aRrYZzQRgFWmpW2XKjs,[],https://maps.google.com/?cid=4263386494445966720
宜蘭縣,三星夜市,24.6692328,121.6533414,ChIJYf6Wr7XhZzQRxCZxqlR46eY,"['Monday: Closed', 'Tuesday: Closed', 'Wednesday: Closed', 'Thursday: Closed', 'Friday: 6:00\u2009–\u200910:00\u202fPM', 'Saturday: Closed', 'Sunday: Closed']",https://maps.google.com/?cid=16638962603329136324
宜蘭縣,蘇澳夜市,24.5976633,121.8497364,ChIJwUTrMwDpZzQRcCZhLA1tK1s,"['Monday: Closed', 'Tuesday: Closed', 'Wednesday: Closed', 'Thursday: Closed', 'Friday: Closed', 'Saturday: Closed', 'Sunday: 4:00\u2009–\u200910:00\u202fPM']",https://maps.google.com/?cid=6569464384796567152
宜蘭縣,馬賽夜市,24.6173286,121.8383557,ChIJa2giNFnoZzQRq9AT2ZWpVSg,"['Monday: Closed', 'Tuesday: Closed', 'Wednesday: Closed', 'Thursday: Closed', 'Friday: Closed', 'Saturday: 6:30\u2009–\u20099:30\u202fPM', 'Sunday: Closed']",https://maps.google.com/?cid=2906415595594698923
宜蘭縣,礁溪溫泉夜市,24.8246874,121.75926,ChIJuUJusED7ZzQReB0LjiYL5Go,[],https://maps.google.com/?cid=7702293522930146680
苗栗縣,國泰夜市,24.560159,120.8214265,ChIJk9NaC4pUaDQRG4hgT-5vqMw,[],https://maps.google.com/?cid=14747160049149315099
苗栗縣,中港夜市,24.6838634,120.865424,ChIJAQDwhhyzaTQRgRytqEXPlmk,"['Monday: Closed', 'Tuesday: Closed', 'Wednesday: 6:00\u2009–\u200910:00\u202fPM', 'Thursday: Closed', 'Friday: Closed', 'Saturday: Closed', 'Sunday: Closed']",https://maps.google.com/?cid=7608496518578642049
苗栗縣,建國路龍鳳夜市,24.6966436,120.9083375,ChIJ65lGv7tMaDQRu_-gfzMvcEQ,[],https://maps.google.com/?cid=4931493490201788347
苗栗縣,頭份建國夜市,24.697435,120.9065829,ChIJb1uAh7BMaDQRv7GuUfZwtPI,"['Monday: Closed', 'Tuesday: 4:00\u2009–\u200911:00\u202fPM', 'Wednesday: Closed', 'Thursday: Closed', 'Friday: 4:00\u2009–\u200911:00\u202fPM', 'Saturday: Closed', 'Sunday: Closed']",https://maps.google.com/?cid=17488727456221147583
苗栗縣,頭份尚順夜市,24.6882052,120.9046566,ChIJAfzBx8lMaDQRS0Y5rLIOXPo,"['Monday: 11:00\u202fAM\u2009–\u20099:30\u202fPM', 'Tuesday: 11:00\u202fAM\u2009–\u20099:30\u202fPM', 'Wednesday: 11:00\u202fAM\u2009–\u20099:30\u202fPM', 'Thursday: 11:00\u202fAM\u2009–\u20099:30\u202fPM', 'Friday: 11:00\u202fAM\u2009–\u20099:30\u202fPM', 'Saturday: 11:00\u202fAM\u2009–\u20099:30\u202fPM', 'Sunday: 11:00\u202fAM\u2009–\u20099:30\u202fPM']",https://maps.google.com/?cid=18040310367895766603
苗栗縣,苗栗英才觀光夜市,24.5699173,120.8204987,ChIJj53DAg6saTQRKEGydnAMYAQ,"['Monday: Closed', 'Tuesday: Closed', 'Wednesday: 5:00\u2009–\u200910:00\u202fPM', 'Thursday: Closed', 'Friday: 6:30\u2009–\u200911:30\u202fPM', 'Saturday: 5:00\u2009–\u200911:00\u202fPM', 'Sunday: 5:00\u2009–\u200910:00\u202fPM']",https://maps.google.com/?cid=315265651083198760
苗栗縣,公館夜市,24.5030321,120.8241954,ChIJdXvqdgCraTQRt55SwuazTDA,"['Monday: Closed', 'Tuesday: Closed', 'Wednesday: Closed', 'Thursday: Closed', 'Friday: Closed', 'Saturday: 5:30\u2009–\u200910:00\u202fPM', 'Sunday: Closed']",https://maps.google.com/?cid=3480354415734595255
苗栗縣,後龍夜市,24.611946,120.7866665,ChIJQyVMY2GuaTQRTl4o_xJgbSs,"['Monday: Closed', 'Tuesday: Closed', 'Wednesday: Closed', 'Thursday: Closed', 'Friday: Closed', 'Saturday: Closed', 'Sunday: 5:00\u2009–\u200911:00\u202fPM']",https://maps.google.com/?cid=3129262950798876238
苗栗縣,苑裡夜市,24.4403553,120.6520591,ChIJr6MvDzsJaTQRVk4paAjaUqE,"['Monday: Closed', 'Tuesday: Closed', 'Wednesday: Closed', 'Thursday: Closed', 'Friday: Closed', 'Saturday: 6:00\u2009–\u200910:00\u202fPM', 'Sunday: Closed']",https://maps.google.com/?cid=11624593317838802518
苗栗縣,苑裡29夜市,24.4098262,120.6775054,ChIJb0hr4DkPaTQRorvM8b9Vb-E,[],https://maps.google.com/?cid=16244296663832509346
苗栗縣,大湖夜市,24.426712,120.86992,ChIJZwc8c0kAaTQREnaQyAmZm70,"['Monday: Closed', 'Tuesday: Closed', 'Wednesday: Closed', 'Thursday: 6:00\u2009–\u200910:00\u202fPM', 'Friday: Closed', 'Saturday: Closed', 'Sunday: Closed']",https://maps.google.com/?cid=13662682161857197586
苗栗縣,銅鑼夜市,24.4861708,120.7878829,ChIJj3e_8-OpaTQR770AcUjdn4s,"['Monday: 5:00\u2009–\u20099:00\u202fPM', 'Tuesday: Closed', 'Wednesday: Closed', 'Thursday: Closed', 'Friday: Closed', 'Saturday: Closed', 'Sunday: Closed']",https://maps.google.com/?cid=10061003395772235247
苗栗縣,三義夜市,24.412484,120.7716486,ChIJXZssTJAGaTQRFNiJ-Y3swUk,"['Monday: Closed', 'Tuesday: Closed', 'Wednesday: Closed', 'Thursday: Closed', 'Friday: 5:00\u2009–\u20099:30\u202fPM', 'Saturday: Closed', 'Sunday: Closed']",https://maps.google.com/?cid=5314789129795000340
苗栗縣,卓蘭夜市,24.3104067,120.8235031,ChIJX-jJ5EgDaTQRdFO_zr2GIKc,"['Monday: Closed', 'Tuesday: Closed', 'Wednesday: Closed', 'Thursday: 4:30\u2009–\u200910:45\u202fPM', 'Friday: Closed', 'Saturday: Closed', 'Sunday: Closed']",https://maps.google.com/?cid=12042773553364292468
苗栗縣,通霄夜市,24.4888587,120.6826824,ChIJHS0PsrcJaTQRAkpmD3QB8WE,"['Monday: Closed', 'Tuesday: Closed', 'Wednesday: Closed', 'Thursday: Closed', 'Friday: 6:00\u2009–\u200911:00\u202fPM', 'Saturday: Closed', 'Sunday: Closed']",https://maps.google.com/?cid=7057423689052473858
臺中市,逢甲夜市,24.1761706,120.6456267,ChIJK4W2WSIWaTQROebP2ugIGg8,"['Monday: 1:00\u202fPM\u2009–\u20091:00\u202fAM', 'Tuesday: 1:00\u202fPM\u2009–\u20091:00\u202fAM', 'Wednesday: 1:00\u202fPM\u2009–\u20091:00\u202fAM', 'Thursday: 1:00\u202fPM\u2009–\u20091:00\u202fAM', 'Friday: 1:00\u202fPM\u2009–\u20091:00\u202fAM', 'Saturday: 1:00\u202fPM\u2009–\u20091:00\u202fAM', 'Sunday: 1:00\u202fPM\u2009–\u20091:00\u202fAM']",https://maps.google.com/?cid=1088192056159888953
臺中市,一中商圈,24.1505158,120.6855337,ChIJDf4N72g9aTQRMCr-EB0v0K0,[],https://maps.google.com/?cid=12524562365602998832
臺中市,中華路夜市,24.1471874,120.678759,ChIJS1nm4G09aTQR8LC1Zyr9gdQ,"['Monday: 4:00\u202fPM\u2009–\u20094:00\u202fAM', 'Tuesday: 4:00\u202fPM\u2009–\u20094:00\u202fAM', 'Wednesday: 4:00\u202fPM\u2009–\u20094:00\u202fAM', 'Thursday: 4:00\u202fPM\u2009–\u20094:00\u202fAM', 'Friday: 4:00\u202fPM\u2009–\u20094:00\u202fAM', 'Saturday: 4:00\u202fPM\u2009–\u20094:00\u202fAM', 'Sunday: 4:00\u202fPM\u2009–\u20094:00\u202fAM']",https://maps.google.com/?cid=15312798566606811376
臺中市,忠孝路夜市,24.1292999,120.681553,ChIJrRij4hk9aTQRA8KWA4fO47g,"['Monday: 3:00\u2009–\u200911:00\u202fPM', 'Tuesday: 3:00\u2009–\u200911:00\u202fPM', 'Wednesday: 3:00\u2009–\u200911:00\u202fPM', 'Thursday: 3:00\u2009–\u200911:00\u202fPM', 'Friday: 3:00\u2009–\u200911:00\u202fPM', 'Saturday: 3:00\u2009–\u200911:00\u202fPM', 'Sunday: 3:00\u2009–\u200911:00\u202fPM']",https://maps.google.com/?cid=13322719201968177667
臺中市,東海別墅夜市,24.1814682,120.5926162,ChIJa_FXsVgVaTQRPa6J1Z_i8Yk,"['Monday: Open 24 hours', 'Tuesday: Open 24 hours', 'Wednesday: Open 24 hours', 'Thursday: Open 24 hours', 'Friday: Open 24 hours', 'Saturday: Open 24 hours', 'Sunday: Open 24 hours']",https://maps.google.com/?cid=9939975028693642813
臺中市,霧峰樹仁商圈,24.0636368,120.6968908,ChIJ3TAPI1s7aTQRHW7gSUu_6gE,"['Monday: 11:00\u202fAM\u2009–\u200910:30\u202fPM', 'Tuesday: 11:00\u202fAM\u2009–\u200910:30\u202fPM', 'Wednesday: 11:00\u202fAM\u2009–\u200910:30\u202fPM', 'Thursday: 11:00\u202fAM\u2009–\u200910:30\u202fPM', 'Friday: 11:00\u202fAM\u2009–\u200910:30\u202fPM', 'Saturday: 11:00\u202fAM\u2009–\u200911:00\u202fPM', 'Sunday: 11:00\u202fAM\u2009–\u200911:00\u202fPM']",https://maps.google.com/?cid=138133068671118877
臺中市,廟東夜市,24.2516463,120.7191983,ChIJ0VgPXQ8aaTQR9DNAPyFURZg,"['Monday: 10:00\u202fAM\u2009–\u200911:00\u202fPM', 'Tuesday: 10:00\u202fAM\u2009–\u200911:00\u202fPM', 'Wednesday: 10:00\u202fAM\u2009–\u200911:00\u202fPM', 'Thursday: 10:00\u202fAM\u2009–\u200911:00\u202fPM', 'Friday: 10:00\u202fAM\u2009–\u200911:00\u202fPM', 'Saturday: 10:00\u202fAM\u2009–\u200911:00\u202fPM', 'Sunday: 10:00\u202fAM\u2009–\u200911:00\u202fPM']",https://maps.google.com/?cid=10972268568929907700
臺中市,太平臺中小鎮夜市,24.1195548,120.7212335,ChIJU7qAsAYjaTQRHV9K09WUS4g,"['Monday: Closed', 'Tuesday: Closed', 'Wednesday: Closed', 'Thursday: 4:00\u2009–\u20099:30\u202fPM', 'Friday: 4:00\u2009–\u20099:30\u202fPM', 'Saturday: 4:00\u2009–\u20099:30\u202fPM', 'Sunday: 4:00\u2009–\u20099:30\u202fPM']",https://maps.google.com/?cid=9821107058505309981
臺中市,四張犁夜市,24.1943803,120.6793981,ChIJVYFLwroXaTQRFcJdSDl0ZM0,"['Monday: Closed', 'Tuesday: Closed', 'Wednesday: Closed', 'Thursday: Closed', 'Friday: Closed', 'Saturday: Closed', 'Sunday: 5:00\u2009–\u200911:00\u202fPM']",https://maps.google.com/?cid=14800082064822354453
臺中市,捷運總站夜市,24.1844475,120.7082321,ChIJ0WANGMg9aTQRrXxBKvlwau4,"['Monday: 5:00\u202fPM\u2009–\u200912:00\u202fAM', 'Tuesday: Closed', 'Wednesday: 5:00\u202fPM\u2009–\u200912:00\u202fAM', 'Thursday: Closed', 'Friday: 5:00\u202fPM\u2009–\u200912:00\u202fAM', 'Saturday: 5:00\u202fPM\u2009–\u200912:30\u202fAM', 'Sunday: 5:00\u202fPM\u2009–\u200912:00\u202fAM']",https://maps.google.com/?cid=17179667944016280749
臺中市,潭子勝利夜市,24.2162897,120.698137,ChIJNVk6HG8XaTQRFWVHphQqUCk,"['Monday: 5:00\u2009–\u200911:00\u202fPM', 'Tuesday: Closed', 'Wednesday: Closed', 'Thursday: 5:00\u2009–\u200911:00\u202fPM', 'Friday: Closed', 'Saturday: 5:00\u2009–\u200911:00\u202fPM', 'Sunday: Closed']",https://maps.google.com/?cid=2976925621869307157
臺中市,潭子頭家夜市,24.1955607,120.7014952,ChIJDTNXpYQXaTQR--QMTcy2tM0,"['Monday: Closed', 'Tuesday: 5:00\u2009–\u200910:00\u202fPM', 'Wednesday: Closed', 'Thursday: Closed', 'Friday: 5:00\u2009–\u200910:00\u202fPM', 'Saturday: Closed', 'Sunday: Closed']",https://maps.google.com/?cid=14822673262165419259
臺中市,大雅(雅潭)夜市,24.2208536,120.654935,ChIJp72cdvAWaTQRYadrDwnsbzE,"['Monday: Closed', 'Tuesday: Closed', 'Wednesday: 5:30\u2009–\u200911:30\u202fPM', 'Thursday: Closed', 'Friday: 5:30\u2009–\u200911:30\u202fPM', 'Saturday: 5:30\u2009–\u200911:30\u202fPM', 'Sunday: 5:30\u2009–\u200911:30\u202fPM']",https://maps.google.com/?cid=3562325353930925921
臺中市,葫蘆墩觀光夜市,24.249009,120.730445,ChIJ-23OaRcaaTQRuOq950DYiWs,"['Monday: Closed', 'Tuesday: Closed', 'Wednesday: 5:00\u202fPM\u2009–\u200912:00\u202fAM', 'Thursday: Closed', 'Friday: 5:00\u202fPM\u2009–\u200912:00\u202fAM', 'Saturday: 5:00\u202fPM\u2009–\u200912:00\u202fAM', 'Sunday: 5:00\u202fPM\u2009–\u200912:00\u202fAM']",https://maps.google.com/?cid=7748962407145138872
臺中市,SOGO停車場夜市,24.1569912,120.6624489,ChIJFSazVhY9aTQRJGGnjAubzBU,"['Monday: Open 24 hours', 'Tuesday: Open 24 hours', 'Wednesday: Open 24 hours', 'Thursday: Open 24 hours', 'Friday: Open 24 hours', 'Saturday: Open 24 hours', 'Sunday: Open 24 hours']",https://maps.google.com/?cid=1570800843952185636
臺中市,八方國際觀光夜市,24.2453946,120.703861,ChIJAegX4qwQaTQR5LzgZEvm5F8,[],https://maps.google.com/?cid=6909900939782569188
臺中市,神岡夜市（北莊星期二夜市）,24.2579011,120.6652585,ChIJS76u8CkRaTQRXiLxBBZytDs,"['Monday: Closed', 'Tuesday: 5:30\u2009–\u200911:30\u202fPM', 'Wednesday: Closed', 'Thursday: Closed', 'Friday: Closed', 'Saturday: Closed', 'Sunday: Closed']",https://maps.google.com/?cid=4302188982943425118
臺中市,后里夜市,24.3081844,120.7243127,ChIJYw3epbwaaTQRLW22GMeX90A,"['Monday: 5:00\u2009–\u200911:00\u202fPM', 'Tuesday: Closed', 'Wednesday: Closed', 'Thursday: Closed', 'Friday: 5:00\u2009–\u200911:00\u202fPM', 'Saturday: Closed', 'Sunday: Closed']",https://maps.google.com/?cid=4681377219043814701
臺中市,外埔夜市,24.3272181,120.6570866,ChIJC9cNtM8RaTQRtW15Ds6D8q4,"['Monday: Closed', 'Tuesday: Closed', 'Wednesday: Closed', 'Thursday: Closed', 'Friday: Closed', 'Saturday: Closed', 'Sunday: 6:00\u2009–\u200911:30\u202fPM']",https://maps.google.com/?cid=12606283227992780213
臺中市,東勢夜市,24.255428,120.8273477,ChIJ3QuPJV4caTQRJ22np04B6pQ,"['Monday: Open 24 hours', 'Tuesday: Open 24 hours', 'Wednesday: Open 24 hours', 'Thursday: Open 24 hours', 'Friday: Open 24 hours', 'Saturday: 5:00\u2009–\u200911:45\u202fPM', 'Sunday: Open 24 hours']",https://maps.google.com/?cid=10730390499495472423
臺中市,旱溪夜市,24.133514,120.7008054,ChIJqaM87zc9aTQRg6mT2EhZ5vg,"['Monday: Closed', 'Tuesday: 5:00\u202fPM\u2009–\u200912:00\u202fAM', 'Wednesday: Closed', 'Thursday: 5:00\u202fPM\u2009–\u200912:00\u202fAM', 'Friday: 5:00\u202fPM\u2009–\u200912:00\u202fAM', 'Saturday: 5:00\u202fPM\u2009–\u200912:00\u202fAM', 'Sunday: Closed']",https://maps.google.com/?cid=17935120735455652227
臺中市,太平東平夜市,24.1338269,120.7192628,ChIJ1TB4GLYiaTQRwniZzmGjJIw,"['Monday: 6:15\u2009–\u200911:00\u202fPM', 'Tuesday: Closed', 'Wednesday: 6:15\u2009–\u200911:00\u202fPM', 'Thursday: Closed', 'Friday: Closed', 'Saturday: 6:15\u2009–\u200911:00\u202fPM', 'Sunday: Closed']",https://maps.google.com/?cid=10098375904944814274
臺中市,大慶觀光夜市,24.1231013,120.6552828,ChIJt4pACfE9aTQR6hpJlCrymbg,"['Monday: Closed', 'Tuesday: Closed', 'Wednesday: 5:00\u202fPM\u2009–\u200912:00\u202fAM', 'Thursday: Closed', 'Friday: 5:00\u202fPM\u2009–\u200912:00\u202fAM', 'Saturday: 5:00\u202fPM\u2009–\u200912:00\u202fAM', 'Sunday: 5:00\u202fPM\u2009–\u200912:00\u202fAM']",https://maps.google.com/?cid=13301929239105837802
臺中市,大里勝利大夜市,24.101068,120.6858518,ChIJe6s1p-s8aTQRrCL2WeB8v-U,"['Monday: 5:00\u2009–\u200911:00\u202fPM', 'Tuesday: Closed', 'Wednesday: Closed', 'Thursday: 5:00\u2009–\u200911:00\u202fPM', 'Friday: Closed', 'Saturday: Closed', 'Sunday: Closed']",https://maps.google.com/?cid=16555088058261054124
臺中市,大里塗城夜市,24.0861078,120.7079602,ChIJD7NpvrM8aTQRrVZEL5MPeuM,[],https://maps.google.com/?cid=16391430918595958445
臺中市,大里文化街夜市,24.0928995,120.7001515,ChIJOWv4I7g8aTQRCLmjCR-1ESA,[],https://maps.google.com/?cid=2310827228728113416
臺中市,亞洲大學夜市,24.0438118,120.6882229,ChIJLT8KBhg7aTQRgspvTJdhVXo,"['Monday: Closed', 'Tuesday: 4:00\u2009–\u200910:00\u202fPM', 'Wednesday: Closed', 'Thursday: Closed', 'Friday: Closed', 'Saturday: Closed', 'Sunday: Closed']",https://maps.google.com/?cid=8815059148097964674
臺中市,霧峰四德路夜市,24.0648163,120.6785562,ChIJMWBguR87aTQRdJ-UNcMfOVg,"['Monday: Closed', 'Tuesday: Closed', 'Wednesday: Closed', 'Thursday: 5:00\u2009–\u200910:00\u202fPM', 'Friday: Closed', 'Saturday: Closed', 'Sunday: Closed']",https://maps.google.com/?cid=6357147272288182132
臺中市,霧峰德泰街夜市,24.0681669,120.7003248,ChIJq6qq_1k7aTQRZ6HwzH_2i_M,"['Monday: Closed', 'Tuesday: 4:00\u202fPM\u2009–\u200912:00\u202fAM', 'Wednesday: Closed', 'Thursday: Closed', 'Friday: 5:00\u202fPM\u2009–\u200912:00\u202fAM', 'Saturday: Closed', 'Sunday: Closed']",https://maps.google.com/?cid=17549391401738871143
臺中市,大肚夜市,24.1553508,120.545188,ChIJS8XiqZ4_aTQRdu4CZpak23k,"['Monday: Closed', 'Tuesday: Closed', 'Wednesday: Closed', 'Thursday: Closed', 'Friday: Closed', 'Saturday: Closed', 'Sunday: 5:00\u2009–\u200910:00\u202fPM']",https://maps.google.com/?cid=8780792864352431734
臺中市,大肚山龍井自強夜市,24.1762464,120.5794905,ChIJWVmo4C0-aTQRfL027IKHfvM,"['Monday: Closed', 'Tuesday: Closed', 'Wednesday: 4:00\u2009–\u200911:00\u202fPM', 'Thursday: Closed', 'Friday: Closed', 'Saturday: 4:00\u2009–\u200911:00\u202fPM', 'Sunday: Closed']",https://maps.google.com/?cid=17545610194660539772
臺中市,龍井茄投夜市,24.1784429,120.5299139,ChIJa0AppfU_aTQRyyEj58IOLSo,"['Monday: Closed', 'Tuesday: Closed', 'Wednesday: 4:50\u2009–\u20099:50\u202fPM', 'Thursday: Closed', 'Friday: Closed', 'Saturday: 4:50\u2009–\u20099:50\u202fPM', 'Sunday: Closed']",https://maps.google.com/?cid=3039101553809236427
臺中市,龍井龍津夜市,24.197174,120.52303,ChIJyade7gFAaTQRVirymJFWAY0,"['Monday: 5:00\u2009–\u200911:30\u202fPM', 'Tuesday: Closed', 'Wednesday: Closed', 'Thursday: Closed', 'Friday: Closed', 'Saturday: Closed', 'Sunday: Closed']",https://maps.google.com/?cid=10160497417660803670
臺中市,福順宮,24.2010839,120.4982675,ChIJ3-JDJidAaTQRVMFHmsiCy6k,[],https://maps.google.com/?cid=12235016610775548244
臺中市,靜宜夜市,24.2273757,120.576153,ChIJ6Yma5aoVaTQRTIoJr0u8BiY,"['Monday: 6:00\u202fPM\u2009–\u200912:30\u202fAM', 'Tuesday: Closed', 'Wednesday: 6:00\u202fPM\u2009–\u200912:30\u202fAM', 'Thursday: 6:00\u202fPM\u2009–\u200912:30\u202fAM', 'Friday: Closed', 'Saturday: Closed', 'Sunday: Closed']",https://maps.google.com/?cid=2740084456546732620
臺中市,梧棲夜市,24.247821,120.530124,ChIJo5OLG9MUaTQRWv6z3ZlMbL8,"['Monday: Closed', 'Tuesday: 6:00\u202fPM\u2009–\u200912:00\u202fAM', 'Wednesday: Closed', 'Thursday: Closed', 'Friday: 6:00\u202fPM\u2009–\u200912:00\u202fAM', 'Saturday: Closed', 'Sunday: Closed']",https://maps.google.com/?cid=13793483982462254682
臺中市,梧棲中港觀光夜市,24.2450123,120.5422848,ChIJpyAaU9oUaTQRSYuPPsaa4o0,"['Monday: 7:00\u202fAM\u2009–\u20095:00\u202fPM', 'Tuesday: 7:00\u202fAM\u2009–\u20095:00\u202fPM', 'Wednesday: 7:00\u202fAM\u2009–\u20095:00\u202fPM', 'Thursday: 7:00\u202fAM\u2009–\u20095:00\u202fPM', 'Friday: 7:00\u202fAM\u2009–\u20095:00\u202fPM', 'Saturday: Closed', 'Sunday: Closed']",https://maps.google.com/?cid=10223904280328244041
臺中市,清水五權夜市,24.2769543,120.568073,ChIJAbJQ2fgTaTQRdHQssc5yM_4,"['Monday: Closed', 'Tuesday: Closed', 'Wednesday: 5:00\u202fPM\u2009–\u200912:00\u202fAM', 'Thursday: Closed', 'Friday: 5:00\u202fPM\u2009–\u200912:00\u202fAM', 'Saturday: 5:00\u202fPM\u2009–\u200912:00\u202fAM', 'Sunday: 5:00\u202fPM\u2009–\u200912:00\u202fAM']",https://maps.google.com/?cid=18317110341507249268
臺中市,沙鹿鹿峰夜市,24.2537572,120.5625924,ChIJCxyXpHcVaTQR4dXA_KburWk,[],https://maps.google.com/?cid=7615004945925854689
臺中市,大甲夜市,24.3461589,120.6224095,ChIJBe9I9_8RaTQR3nO5nievTKw,"['Monday: 4:00\u2009–\u200911:30\u202fPM', 'Tuesday: 4:00\u2009–\u200911:30\u202fPM', 'Wednesday: 4:00\u2009–\u200911:30\u202fPM', 'Thursday: 4:00\u2009–\u200911:30\u202fPM', 'Friday: 4:00\u2009–\u200911:30\u202fPM', 'Saturday: 4:00\u2009–\u200911:00\u202fPM', 'Sunday: 11:00\u202fAM\u2009–\u200911:30\u202fPM']",https://maps.google.com/?cid=12415490857455154142
臺中市,大甲蔣公路夜市,24.3461589,120.6224095,ChIJBe9I9_8RaTQR3nO5nievTKw,"['Monday: 4:00\u2009–\u200911:30\u202fPM', 'Tuesday: 4:00\u2009–\u200911:30\u202fPM', 'Wednesday: 4:00\u2009–\u200911:30\u202fPM', 'Thursday: 4:00\u2009–\u200911:30\u202fPM', 'Friday: 4:00\u2009–\u200911:30\u202fPM', 'Saturday: 4:00\u2009–\u200911:00\u202fPM', 'Sunday: 11:00\u202fAM\u2009–\u200911:30\u202fPM']",https://maps.google.com/?cid=12415490857455154142
彰化縣,彰化中央陸橋夜市,24.0643627,120.532857,ChIJAQBAj344aTQRosoSIQtJ4t0,[],https://maps.google.com/?cid=15988421939267029666
彰化縣,彰化精誠夜市,24.0726548,120.52671,ChIJBcodWn9HaTQRx-egv8DtI-0,"['Monday: Closed', 'Tuesday: Closed', 'Wednesday: 6:00\u202fPM\u2009–\u20091:00\u202fAM', 'Thursday: 6:00\u202fPM\u2009–\u20091:00\u202fAM', 'Friday: 6:00\u202fPM\u2009–\u20091:00\u202fAM', 'Saturday: 6:00\u202fPM\u2009–\u20091:00\u202fAM', 'Sunday: 6:00\u202fPM\u2009–\u20091:00\u202fAM']",https://maps.google.com/?cid=17087762823278290887
彰化縣,彰化冠天夜市,24.0871586,120.5689477,ChIJCzO1AZw5aTQRVxWPKFomF8k,"['Monday: Closed', 'Tuesday: Closed', 'Wednesday: Closed', 'Thursday: Closed', 'Friday: Closed', 'Saturday: Closed', 'Sunday: 5:00\u2009–\u200911:00\u202fPM']",https://maps.google.com/?cid=14490092494757238103
彰化縣,和美東發夜市,24.0517963,120.5161352,ChIJdRR5tR5JaTQRJ380ulhL6NY,[],https://maps.google.com/?cid=15485710163166658343
彰化縣,和美美寮路夜市,24.1145504,120.5069485,ChIJ2YtG6EpHaTQR0uK9q1xueWU,[],https://maps.google.com/?cid=7311996814310105810
彰化縣,和美仁愛夜市,24.1060488,120.4910271,ChIJ8378JyVHaTQRTfUhtrMjUpQ,"['Monday: Closed', 'Tuesday: 5:00\u2009–\u200910:00\u202fPM', 'Wednesday: Closed', 'Thursday: 5:00\u2009–\u200910:00\u202fPM', 'Friday: Closed', 'Saturday: Closed', 'Sunday: Closed']",https://maps.google.com/?cid=10687644120465405261
彰化縣,鹿港鹿和夜市,24.0601688,120.440534,ChIJia9XRAlGaTQRp-7FOiQb81Q,[],https://maps.google.com/?cid=6121266160945458855
彰化縣,鹿港頂番夜市,24.0854718,120.4797797,ChIJ36ND2_1GaTQRgvk8llv2mZk,"['Monday: Closed', 'Tuesday: Closed', 'Wednesday: Closed', 'Thursday: Closed', 'Friday: 6:00\u202fPM\u2009–\u200912:00\u202fAM', 'Saturday: Closed', 'Sunday: Closed']",https://maps.google.com/?cid=11068148432462739842
彰化縣,鹿港草港夜市,24.1083223,120.4582006,ChIJBzKNeb9GaTQRpx9BfgrQWNU,"['Monday: Closed', 'Tuesday: Closed', 'Wednesday: Closed', 'Thursday: 6:00\u2009–\u200910:30\u202fPM', 'Friday: Closed', 'Saturday: Closed', 'Sunday: Closed']",https://maps.google.com/?cid=15373266071515635623
彰化縣,福興夜市,24.0306902,120.4256805,ChIJp84kIVdPaTQRQl_P9CS4OcU,[],https://maps.google.com/?cid=14211592568009875266
彰化縣,線西夜市,24.1327773,120.463184,ChIJmXhiwjZBaTQRuzs_UaWoaPI,"['Monday: 5:00\u2009–\u200911:00\u202fPM', 'Tuesday: Closed', 'Wednesday: Closed', 'Thursday: Closed', 'Friday: Closed', 'Saturday: Closed', 'Sunday: Closed']",https://maps.google.com/?cid=17467396582742637499
彰化縣,伸港水尾夜市,24.1431951,120.4878567,ChIJFdIkNOdAaTQRYEjntI9QoaM,"['Monday: Closed', 'Tuesday: Closed', 'Wednesday: 5:30\u2009–\u200910:00\u202fPM', 'Thursday: Closed', 'Friday: Closed', 'Saturday: Closed', 'Sunday: Closed']",https://maps.google.com/?cid=11790793877578270816
彰化縣,伸港福安宮夜市,24.1625171,120.4883948,ChIJAQAAAFBAaTQR1X0vd1w-L50,"['Monday: 5:00\u202fAM\u2009–\u20098:30\u202fPM', 'Tuesday: 5:00\u202fAM\u2009–\u20098:30\u202fPM', 'Wednesday: 5:00\u202fAM\u2009–\u20098:30\u202fPM', 'Thursday: 5:00\u202fAM\u2009–\u20098:30\u202fPM', 'Friday: 5:00\u202fAM\u2009–\u20098:30\u202fPM', 'Saturday: 5:00\u202fAM\u2009–\u20098:30\u202fPM', 'Sunday: 5:00\u202fAM\u2009–\u20098:30\u202fPM']",https://maps.google.com/?cid=11326340154717601237
彰化縣,秀水夜市,24.0384483,120.5076293,ChIJ_x9i3jFHaTQRPNUH9r-ei0o,"['Monday: Closed', 'Tuesday: Closed', 'Wednesday: 5:30\u2009–\u200911:00\u202fPM', 'Thursday: Closed', 'Friday: Closed', 'Saturday: 5:30\u2009–\u200911:00\u202fPM', 'Sunday: Closed']",https://maps.google.com/?cid=5371561527873099068
彰化縣,芬園社口夜市,24.0149914,120.630005,ChIJbzlNxxo6aTQRqfxc5VnamAY,"['Monday: 5:00\u2009–\u200911:00\u202fPM', 'Tuesday: Closed', 'Wednesday: Closed', 'Thursday: 5:00\u2009–\u200911:00\u202fPM', 'Friday: Closed', 'Saturday: Closed', 'Sunday: Closed']",https://maps.google.com/?cid=475369840322608297
彰化縣,員林龍燈夜市,23.971767,120.567725,ChIJrYBzWFc2aTQROP85flk5pEs,"['Monday: Closed', 'Tuesday: 5:00\u202fPM\u2009–\u20091:00\u202fAM', 'Wednesday: Closed', 'Thursday: Closed', 'Friday: 5:00\u202fPM\u2009–\u20091:00\u202fAM', 'Saturday: 5:00\u202fPM\u2009–\u20091:00\u202fAM', 'Sunday: 5:00\u202fPM\u2009–\u20091:00\u202fAM']",https://maps.google.com/?cid=5450544505557745464
彰化縣,員林大圓林觀光夜市,23.959574,120.5854674,ChIJWcqaNu82aTQRI3d1WE6G_v0,[],https://maps.google.com/?cid=18302213606729938723
彰化縣,員林林厝夜市,23.971767,120.567725,ChIJrYBzWFc2aTQROP85flk5pEs,"['Monday: Closed', 'Tuesday: 5:00\u202fPM\u2009–\u20091:00\u202fAM', 'Wednesday: Closed', 'Thursday: Closed', 'Friday: 5:00\u202fPM\u2009–\u20091:00\u202fAM', 'Saturday: 5:00\u202fPM\u2009–\u20091:00\u202fAM', 'Sunday: 5:00\u202fPM\u2009–\u20091:00\u202fAM']",https://maps.google.com/?cid=5450544505557745464
彰化縣,社頭芭樂市場夜市,23.9027882,120.5831424,ChIJ1Wjpg0U0aTQRPArHQIhlQww,[],https://maps.google.com/?cid=883661587771492924
彰化縣,永靖觀光夜市,23.9202279,120.5451797,ChIJe5o_FvM1aTQRnNtKFUmVxGo,[],https://maps.google.com/?cid=7693438204578028444
彰化縣,大村夜市,23.9929336,120.5436675,ChIJZ127SsQ3aTQRhEf1uwMc_Gs,"['Monday: Open 24 hours', 'Tuesday: Open 24 hours', 'Wednesday: Open 24 hours', 'Thursday: Open 24 hours', 'Friday: Open 24 hours', 'Saturday: Open 24 hours', 'Sunday: Open 24 hours']",https://maps.google.com/?cid=7781125058553268100
彰化縣,花壇夜市,24.0286171,120.5428793,ChIJq6rqhBs4aTQRMlXs-ygiF44,"['Monday: Closed', 'Tuesday: 6:00\u202fPM\u2009–\u20091:00\u202fAM', 'Wednesday: Closed', 'Thursday: Closed', 'Friday: Closed', 'Saturday: Closed', 'Sunday: 6:00\u202fPM\u2009–\u20091:00\u202fAM']",https://maps.google.com/?cid=10238689837270717746
彰化縣,田中夜市,23.8748977,120.5714726,ChIJOX5VGh01aTQR1k1LanU4OOg,[],https://maps.google.com/?cid=16733186492440726998
彰化縣,田中鐵支路觀光夜市,23.8684288,120.5278398,ChIJ9z8ZpPpLaTQRZv6nyS9VzKk,[],https://maps.google.com/?cid=12235247951393848934
彰化縣,田中高鐵夜市,23.8748977,120.5714726,ChIJOX5VGh01aTQR1k1LanU4OOg,[],https://maps.google.com/?cid=16733186492440726998
彰化縣,二水夜市,23.812781,120.6134994,ChIJx9yKhDrLbjQR2YbKEINI210,"['Monday: Closed', 'Tuesday: Closed', 'Wednesday: Closed', 'Thursday: Closed', 'Friday: 5:30\u2009–\u200910:00\u202fPM', 'Saturday: Closed', 'Sunday: Closed']",https://maps.google.com/?cid=6763078993186555609
彰化縣,田尾夜市,23.8968946,120.5325324,ChIJ3zHfFH81aTQRhrKQdvmGnIU,"['Monday: Closed', 'Tuesday: Closed', 'Wednesday: Closed', 'Thursday: Closed', 'Friday: Closed', 'Saturday: 5:00\u202fPM\u2009–\u200912:00\u202fAM', 'Sunday: 5:00\u202fPM\u2009–\u200912:00\u202fAM']",https://maps.google.com/?cid=9627718509405450886
彰化縣,田尾海豐崙夜市,23.918799,120.500768,ChIJpZdJ3ENKaTQRN43cFkN3eO8,[],https://maps.google.com/?cid=17255673102300122423
彰化縣,埤頭夜市,23.890481,120.458182,ChIJLVmxlHFLaTQReOdNKDlSBoA,"['Monday: Closed', 'Tuesday: Closed', 'Wednesday: Closed', 'Thursday: 6:00\u2009–\u200911:00\u202fPM', 'Friday: Closed', 'Saturday: 4:00\u2009–\u200910:00\u202fPM', 'Sunday: Closed']",https://maps.google.com/?cid=9225151292157847416
彰化縣,週四(埤頭新增周六場),23.8714501,120.4804048,ChIJszFJNBVLaTQRZmHbpSdfGYk,[],https://maps.google.com/?cid=9879031881504874854
彰化縣,埤頭星期四.六夜市,23.8941829,120.4569702,ChIJOTkMNQBLaTQRuEPPAN1jpBo,"['Monday: Closed', 'Tuesday: Closed', 'Wednesday: 5:00\u2009–\u200910:00\u202fPM', 'Thursday: Closed', 'Friday: Closed', 'Saturday: Closed', 'Sunday: Closed']",https://maps.google.com/?cid=1919769142019179448
彰化縣,北斗觀光夜市,23.8680449,120.5281193,ChIJjxE-hlg1aTQRY_k3lzrX5V0,"['Monday: Closed', 'Tuesday: Closed', 'Wednesday: Closed', 'Thursday: 5:00\u202fPM\u2009–\u200912:00\u202fAM', 'Friday: Closed', 'Saturday: Closed', 'Sunday: Closed']",https://maps.google.com/?cid=6766050661839141219
彰化縣,溪州夜市,23.8578768,120.5034242,ChIJxXciazW1bjQR1ajp4OXhrSY,"['Monday: 5:00\u2009–\u200911:30\u202fPM', 'Tuesday: Closed', 'Wednesday: Closed', 'Thursday: Closed', 'Friday: 5:00\u2009–\u200911:30\u202fPM', 'Saturday: Closed', 'Sunday: Closed']",https://maps.google.com/?cid=2787132121849374933
彰化縣,二林王子夜市,23.8971298,120.3773275,ChIJR2HSDzBNaTQR1zEHdgXUWds,[],https://maps.google.com/?cid=15805897487153574359
彰化縣,二林金仔角觀光夜市,23.895108,120.3709161,ChIJ4dh5lTZNaTQRIEBZJNG0fw0,"['Monday: Closed', 'Tuesday: Closed', 'Wednesday: Closed', 'Thursday: Closed', 'Friday: Closed', 'Saturday: 5:30\u2009–\u200911:00\u202fPM', 'Sunday: Closed']",https://maps.google.com/?cid=972694854886309920
彰化縣,埔鹽夜市,23.9980521,120.4749292,ChIJCR6JOfxIaTQRDvni5qy_Y2c,"['Monday: Closed', 'Tuesday: Closed', 'Wednesday: Closed', 'Thursday: Closed', 'Friday: 5:30\u2009–\u200911:00\u202fPM', 'Saturday: Closed', 'Sunday: Closed']",https://maps.google.com/?cid=7450008957929847054
彰化縣,埔鹽新水夜市,23.9868217,120.4464398,ChIJ2TMIjzBJaTQRHI2XaqJU-bU,"['Monday: Closed', 'Tuesday: Closed', 'Wednesday: Closed', 'Thursday: Closed', 'Friday: Closed', 'Saturday: 6:00\u2009–\u200910:30\u202fPM', 'Sunday: Closed']",https://maps.google.com/?cid=13112604846615661852
彰化縣,埔鹽天盛夜市,23.983249,120.428848,ChIJi2CX4clOaTQRhU4RwH4DqgE,[],https://maps.google.com/?cid=119912183001861765
彰化縣,溪湖夜市,23.9578342,120.4859701,ChIJTyqtDYNJaTQRyYCwdeV3SYI,"['Monday: Closed', 'Tuesday: Closed', 'Wednesday: Closed', 'Thursday: Closed', 'Friday: 6:00\u2009–\u200911:00\u202fPM', 'Saturday: Closed', 'Sunday: Closed']",https://maps.google.com/?cid=9388166725636227273
彰化縣,溪湖忠溪夜市,23.9538871,120.4859637,ChIJWaXAZ4FJaTQRFiQOk9IsyBU,"['Monday: Closed', 'Tuesday: 5:00\u2009–\u200911:00\u202fPM', 'Wednesday: Closed', 'Thursday: Closed', 'Friday: Closed', 'Saturday: 5:00\u2009–\u200911:00\u202fPM', 'Sunday: Closed']",https://maps.google.com/?cid=1569553753060549654
彰化縣,溪湖大公路夜市,23.961971,120.4692567,ChIJ-0f0N2VJaTQRBSAaAG1tSPU,"['Monday: Closed', 'Tuesday: Closed', 'Wednesday: 5:00\u2009–\u200911:00\u202fPM', 'Thursday: Closed', 'Friday: Closed', 'Saturday: Closed', 'Sunday: Closed']",https://maps.google.com/?cid=17674497052536086533
彰化縣,芳苑草湖夜市,23.9578549,120.3847832,ChIJ70Xwy81NaTQRsd0aLRnW6fo,"['Monday: 6:00\u2009–\u20099:00\u202fPM', 'Tuesday: Closed', 'Wednesday: Closed', 'Thursday: Closed', 'Friday: 6:00\u2009–\u20099:00\u202fPM', 'Saturday: Closed', 'Sunday: Closed']",https://maps.google.com/?cid=18080217582674828721
彰化縣,芳苑王功夜市,23.960519,120.3379351,ChIJd29RVgtSaTQRTGJjFvJhEVs,"['Monday: Closed', 'Tuesday: Closed', 'Wednesday: 6:00\u2009–\u200910:00\u202fPM', 'Thursday: Closed', 'Friday: Closed', 'Saturday: Closed', 'Sunday: Closed']",https://maps.google.com/?cid=6562133824441115212
彰化縣,竹塘夜市,23.8554791,120.4279916,ChIJsYs2kF2zbjQR9cUQ8cADLog,"['Monday: Closed', 'Tuesday: Closed', 'Wednesday: Closed', 'Thursday: 5:00\u202fPM\u2009–\u200912:00\u202fAM', 'Friday: Closed', 'Saturday: Closed', 'Sunday: Closed']",https://maps.google.com/?cid=9812784765299901941
彰化縣,大城夜市,23.8549355,120.3213808,ChIJk0YqTq-tbjQRUJgPOv-ySHs,[],https://maps.google.com/?cid=8883547074248808528
彰化縣,埤頭星期三夜市,23.8776623,120.4703258,ChIJ_UbxuyVLaTQRrrDNaJ6vL-k,[],https://maps.google.com/?cid=16802841829640614062
南投縣,草鞋墩人文觀光夜市,23.9880686,120.6864882,ChIJiwdH4nQwaTQRgIkShSP_TxA,"['Monday: Closed', 'Tuesday: 5:30\u2009–\u200911:00\u202fPM', 'Wednesday: Closed', 'Thursday: Closed', 'Friday: 5:30\u2009–\u200911:00\u202fPM', 'Saturday: 5:30\u2009–\u200911:00\u202fPM', 'Sunday: 5:30\u2009–\u200911:00\u202fPM']",https://maps.google.com/?cid=1175438555788511616
南投縣,週日,23.9609981,120.9718638,ChIJrUldGqrWaDQR2vYXX6n7SBM,[],https://maps.google.com/?cid=1389637189907248858
南投縣,國姓夜市,24.0369038,120.8535137,ChIJb5I_p54naTQRxUf0T18ySUw,"['Monday: Closed', 'Tuesday: Closed', 'Wednesday: Closed', 'Thursday: Closed', 'Friday: Closed', 'Saturday: Closed', 'Sunday: 5:00\u2009–\u20099:30\u202fPM']",https://maps.google.com/?cid=5496980205127092165
南投縣,南投市家樂福（三和）夜市,23.9023146,120.6875617,ChIJqRVftSEyaTQRPPDLL3yb9KA,"['Monday: Open 24 hours', 'Tuesday: Open 24 hours', 'Wednesday: Open 24 hours', 'Thursday: Open 24 hours', 'Friday: Open 24 hours', 'Saturday: Open 24 hours', 'Sunday: Open 24 hours']",https://maps.google.com/?cid=11598065898066014268
南投縣,南崗夜市,23.9295922,120.6704723,ChIJw700bJ8xaTQRXj3EfhIgNTA,"['Monday: Closed', 'Tuesday: Closed', 'Wednesday: Closed', 'Thursday: 5:00\u202fPM\u2009–\u200912:00\u202fAM', 'Friday: Closed', 'Saturday: Closed', 'Sunday: Closed']",https://maps.google.com/?cid=3473717951394495838
南投縣,中興新村內轆夜市,23.955234,120.687352,ChIJjc_XuUkwaTQR3HUmx43lYhg,[],https://maps.google.com/?cid=1757219201722250716
南投縣,南投祖祠路夜市,23.9182632,120.6855088,ChIJdUNJRZIxaTQRD7fpq2_y2I8,"['Monday: Closed', 'Tuesday: Closed', 'Wednesday: Closed', 'Thursday: Closed', 'Friday: Closed', 'Saturday: Closed', 'Sunday: 5:00\u2009–\u200911:00\u202fPM']",https://maps.google.com/?cid=10365301103832708879
南投縣,中寮夜市,23.9058666,120.7809676,ChIJhRaMKsAuaTQRC_gDyKsFpOY,[],https://maps.google.com/?cid=16619414760257222667
南投縣,松柏嶺夜市,23.8354301,120.6326627,ChIJdwq-lU0zaTQRWD50XTFHnHQ,"['Monday: Closed', 'Tuesday: Closed', 'Wednesday: Closed', 'Thursday: Closed', 'Friday: 5:00\u2009–\u200910:00\u202fPM', 'Saturday: Closed', 'Sunday: Closed']",https://maps.google.com/?cid=8402669282113371736
南投縣,名間夜市,23.83682,120.7020983,ChIJxcXfiKIyaTQRXVE51YV92C4,"['Monday: Closed', 'Tuesday: Closed', 'Wednesday: Closed', 'Thursday: Closed', 'Friday: Closed', 'Saturday: 5:00\u2009–\u200910:00\u202fPM', 'Sunday: Closed']",https://maps.google.com/?cid=3375585934475612509
南投縣,鹿谷夜市,23.7453969,120.752791,ChIJX_W04EvSbjQRuVJ8_SEIOvI,"['Monday: Closed', 'Tuesday: Closed', 'Wednesday: 5:30\u2009–\u200910:00\u202fPM', 'Thursday: Closed', 'Friday: 5:30\u2009–\u200910:00\u202fPM', 'Saturday: Closed', 'Sunday: Closed']",https://maps.google.com/?cid=17454272247907504825
南投縣,竹山夜市,23.7574794,120.6880206,ChIJ8zIbw-jNbjQRvGNDI5NIJg0,"['Monday: Closed', 'Tuesday: Closed', 'Wednesday: Closed', 'Thursday: 4:30\u202fPM\u2009–\u200912:00\u202fAM', 'Friday: Closed', 'Saturday: Closed', 'Sunday: Closed']",https://maps.google.com/?cid=947524568397079484
南投縣,集集夜市,23.8283294,120.784536,ChIJgfjiWpIsaTQRQRyHvAHhJi4,"['Monday: Closed', 'Tuesday: 5:30\u202fPM\u2009–\u200911:00\u202fAM', 'Wednesday: Closed', 'Thursday: Closed', 'Friday: Closed', 'Saturday: 5:30\u202fPM\u2009–\u200911:00\u202fAM', 'Sunday: Closed']",https://maps.google.com/?cid=3325592772433878081
南投縣,水裡夜市,23.8093055,120.850789,ChIJgT3W8eEqaTQRuyj_bmk8aYY,"['Monday: Closed', 'Tuesday: Closed', 'Wednesday: Closed', 'Thursday: 4:30\u2009–\u200911:00\u202fPM', 'Friday: Closed', 'Saturday: Closed', 'Sunday: 4:30\u2009–\u200910:00\u202fPM']",https://maps.google.com/?cid=9685338897168410811
南投縣,魚池夜市,23.9013121,120.9308879,ChIJh20ZJa7XaDQRy4qT_RAx4qg,[],https://maps.google.com/?cid=12169343092152044235
南投縣,埔里八德夜市,23.9715431,120.9673972,ChIJ-2bigXXZaDQRf-Ml_D57Fpw,[],https://maps.google.com/?cid=11247312629852922751
南投縣,埔里宏仁夜市,23.9614151,120.9728156,ChIJ6f-6tZvZaDQRvyKC2rXv3yI,[],https://maps.google.com/?cid=2512990681430106815
南投縣,埔里城觀光夜市,23.9727268,120.9608962,ChIJmcpcg6DZaDQRZTMsJH7irU8,"['Monday: Closed', 'Tuesday: Closed', 'Wednesday: Closed', 'Thursday: Closed', 'Friday: 5:30\u202fPM\u2009–\u200912:00\u202fAM', 'Saturday: 5:30\u202fPM\u2009–\u200912:00\u202fAM', 'Sunday: 4:30\u2009–\u200911:00\u202fPM']",https://maps.google.com/?cid=5741494131367883621
南投縣,埔里樹人夜市,23.9597153,120.9742777,ChIJ2ZZlmprZaDQRUm5JzClgQ-Q,[],https://maps.google.com/?cid=16448095996724473426
雲林縣,斗六觀光夜市,23.6962586,120.5430775,ChIJgUbC4OXJbjQRLg-4TcIEDCY,"['Monday: Closed', 'Tuesday: 5:00\u2009–\u200911:00\u202fPM', 'Wednesday: Closed', 'Thursday: Closed', 'Friday: Closed', 'Saturday: 5:00\u202fPM\u2009–\u200912:00\u202fAM', 'Sunday: 5:00\u2009–\u200911:00\u202fPM']",https://maps.google.com/?cid=2741571505735864110
雲林縣,斗六成功夜市,23.7055324,120.5497396,ChIJ17fNVD_IbjQRbLFmSAw-Cpo,"['Monday: Closed', 'Tuesday: Closed', 'Wednesday: 5:00\u202fPM\u2009–\u200912:00\u202fAM', 'Thursday: Closed', 'Friday: Closed', 'Saturday: 5:00\u202fPM\u2009–\u20091:00\u202fAM', 'Sunday: Closed']",https://maps.google.com/?cid=11099752454083228012
雲林縣,斗六石榴班夜市,23.7238279,120.5839105,ChIJb2CTaAXJbjQRwj4vsTXjrGA,"['Monday: Closed', 'Tuesday: Closed', 'Wednesday: Closed', 'Thursday: 5:00\u202fPM\u2009–\u200912:00\u202fAM', 'Friday: Closed', 'Saturday: Closed', 'Sunday: Closed']",https://maps.google.com/?cid=6966192543380750018
雲林縣,大崙夜市,23.6800546,120.5382552,ChIJgSBDCQrHbjQRPu8UiiZyhSQ,"['Monday: 5:00\u2009–\u20099:30\u202fPM', 'Tuesday: 5:00\u2009–\u20099:30\u202fPM', 'Wednesday: 5:00\u2009–\u20099:30\u202fPM', 'Thursday: 5:00\u2009–\u20099:30\u202fPM', 'Friday: 5:00\u2009–\u20099:30\u202fPM', 'Saturday: 5:00\u2009–\u20099:30\u202fPM', 'Sunday: 5:00\u2009–\u20099:30\u202fPM']",https://maps.google.com/?cid=2631635067118874430
雲林縣,虎尾夜市（拜五街夜市）,23.7157473,120.4287414,ChIJO693HfYgBhQRnwJ57XEOYrc,"['Monday: Closed', 'Tuesday: Closed', 'Wednesday: 5:00\u202fPM\u2009–\u20091:00\u202fAM', 'Thursday: Closed', 'Friday: 5:00\u202fPM\u2009–\u20091:00\u202fAM', 'Saturday: Closed', 'Sunday: Closed']",https://maps.google.com/?cid=13214140139136680607
雲林縣,土庫夜市,23.6776627,120.3941039,ChIJw9hYIle6bjQRDekS9GfGD-c,"['Monday: 5:00\u2009–\u200910:00\u202fPM', 'Tuesday: Closed', 'Wednesday: Closed', 'Thursday: Closed', 'Friday: Closed', 'Saturday: Closed', 'Sunday: Closed']",https://maps.google.com/?cid=16649744497190824205
雲林縣,馬光夜市,23.7048469,120.3530906,ChIJveZzSwC7bjQRSIRiXD97wt8,"['Monday: Closed', 'Tuesday: Closed', 'Wednesday: 5:00\u2009–\u200910:30\u202fPM', 'Thursday: Closed', 'Friday: Closed', 'Saturday: Closed', 'Sunday: Closed']",https://maps.google.com/?cid=16123585128002913352
雲林縣,同仁夜市,23.575303,120.293517,ChIJIQ2cCWOibjQRhmBn_YLtA2w,"['Monday: Closed', 'Tuesday: Closed', 'Wednesday: 5:00\u2009–\u200911:30\u202fPM', 'Thursday: Closed', 'Friday: Closed', 'Saturday: 5:00\u2009–\u200911:30\u202fPM', 'Sunday: Closed']",https://maps.google.com/?cid=7783325727879291014
雲林縣,東南夜市,23.8022621,120.4489527,ChIJryXvZxi0bjQR0jIua5dG6EI,"['Monday: Closed', 'Tuesday: Closed', 'Wednesday: Closed', 'Thursday: 5:00\u2009–\u200911:30\u202fPM', 'Friday: Closed', 'Saturday: Closed', 'Sunday: 5:00\u2009–\u200911:30\u202fPM']",https://maps.google.com/?cid=4821181017252311762
雲林縣,吳厝夜市,23.7459192,120.4233235,ChIJEXejte6xbjQRJk7Aatns_VI,"['Monday: Closed', 'Tuesday: Closed', 'Wednesday: Closed', 'Thursday: 4:30\u2009–\u20099:30\u202fPM', 'Friday: Closed', 'Saturday: Closed', 'Sunday: Closed']",https://maps.google.com/?cid=5980196298760932902
雲林縣,斗南夜市,23.6777376,120.4670922,ChIJebRRAMe5bjQRmvtc2nVHrRw,"['Monday: Closed', 'Tuesday: Closed', 'Wednesday: Closed', 'Thursday: Closed', 'Friday: Closed', 'Saturday: 5:00\u202fPM\u2009–\u200912:00\u202fAM', 'Sunday: Closed']",https://maps.google.com/?cid=2066386375533198234
雲林縣,石龜夜市,23.6419363,120.4821907,ChIJy7CugAK5bjQRt07-KrqG6Ho,"['Monday: Closed', 'Tuesday: 6:00\u2009–\u200911:00\u202fPM', 'Wednesday: Closed', 'Thursday: Closed', 'Friday: Closed', 'Saturday: Closed', 'Sunday: Closed']",https://maps.google.com/?cid=8856476801367428791
雲林縣,林內夜市,23.7602993,120.616546,ChIJSX7DfffLbjQRNBkBYTcBW_o,"['Monday: Closed', 'Tuesday: 5:00\u2009–\u200910:30\u202fPM', 'Wednesday: Closed', 'Thursday: Closed', 'Friday: Closed', 'Saturday: Closed', 'Sunday: Closed']",https://maps.google.com/?cid=18040014069724944692
雲林縣,古坑夜市,23.6475853,120.5572208,ChIJj5L1gLvHbjQRWhQTD0bnUww,"['Monday: Closed', 'Tuesday: Closed', 'Wednesday: 4:30\u2009–\u20099:30\u202fPM', 'Thursday: Closed', 'Friday: Closed', 'Saturday: Closed', 'Sunday: Closed']",https://maps.google.com/?cid=888307839608755290
雲林縣,大埤夜市,23.6425564,120.4345928,ChIJ24gSbN-7bjQR7bHOQYyhZsw,[],https://maps.google.com/?cid=14728637255133344237
雲林縣,莿桐夜市,23.7767527,120.52547,ChIJZaEs5fi1bjQRUq3Eg1e4J1g,"['Monday: 5:00\u2009–\u200911:00\u202fPM', 'Tuesday: Closed', 'Wednesday: Closed', 'Thursday: Closed', 'Friday: Closed', 'Saturday: Closed', 'Sunday: Closed']",https://maps.google.com/?cid=6352248485441744210
雲林縣,崙背夜市,23.7603447,120.3471237,ChIJIdNWwiuwbjQRi_3VsNxlaiw,"['Monday: Closed', 'Tuesday: 5:01\u2009–\u200911:01\u202fPM', 'Wednesday: Closed', 'Thursday: Closed', 'Friday: 5:01\u2009–\u200911:01\u202fPM', 'Saturday: Closed', 'Sunday: Closed']",https://maps.google.com/?cid=3200482483734183307
雲林縣,二崙夜市,23.7687591,120.4098666,ChIJlYEuyxWxbjQRwkL4GvE9X4o,"['Monday: Closed', 'Tuesday: Closed', 'Wednesday: 6:00\u2009–\u20099:30\u202fPM', 'Thursday: Closed', 'Friday: Closed', 'Saturday: Closed', 'Sunday: Closed']",https://maps.google.com/?cid=9970756205770457794
雲林縣,麥寮泰安宮夜市,23.7967453,120.2720718,ChIJu6nuOsKubjQR3ZLnH49RDY0,"['Monday: 5:00\u2009–\u200911:00\u202fPM', 'Tuesday: Closed', 'Wednesday: Closed', 'Thursday: Closed', 'Friday: Closed', 'Saturday: 5:00\u2009–\u200911:00\u202fPM', 'Sunday: Closed']",https://maps.google.com/?cid=10163869609202520797
雲林縣,麥寮鎮南宮夜市,23.7466244,120.2514484,ChIJATvTkquvbjQRQgNHFRPl2xQ,"['Monday: Closed', 'Tuesday: Closed', 'Wednesday: Closed', 'Thursday: 5:00\u202fPM\u2009–\u200912:00\u202fAM', 'Friday: Closed', 'Saturday: Closed', 'Sunday: Closed']",https://maps.google.com/?cid=1503046770782307138
雲林縣,褒忠夜市,23.6933621,120.3045388,ChIJMzw58wOlbjQRmGV6iDRhPnU,[],https://maps.google.com/?cid=8448296829249545624
雲林縣,下崙夜市,23.6179724,120.1612757,ChIJB5EMZHagbjQRWnPjcan6BFg,[],https://maps.google.com/?cid=6342469780911649626
雲林縣,台西夜市,23.72188,120.2095213,ChIJYZn0yU2mbjQRxafGILW4nyk,"['Monday: Closed', 'Tuesday: Closed', 'Wednesday: Closed', 'Thursday: Closed', 'Friday: Closed', 'Saturday: Closed', 'Sunday: 4:40\u2009–\u200910:00\u202fPM']",https://maps.google.com/?cid=2999318964930521029
雲林縣,崙豐夜市,23.72188,120.2095213,ChIJYZn0yU2mbjQRxafGILW4nyk,"['Monday: Closed', 'Tuesday: Closed', 'Wednesday: Closed', 'Thursday: Closed', 'Friday: Closed', 'Saturday: Closed', 'Sunday: 4:40\u2009–\u200910:00\u202fPM']",https://maps.google.com/?cid=2999318964930521029
雲林縣,東勢夜市,23.6742234,120.2550092,ChIJB2uP7x6kbjQROH11yn7ZwoQ,"['Monday: Closed', 'Tuesday: 6:00\u2009–\u200910:00\u202fPM', 'Wednesday: Closed', 'Thursday: Closed', 'Friday: 6:00\u2009–\u200910:00\u202fPM', 'Saturday: Closed', 'Sunday: Closed']",https://maps.google.com/?cid=9566447697074158904
雲林縣,四湖夜市,23.639044,120.226791,ChIJG24sKkmhbjQRIlnGS3d8WMM,"['Monday: 5:00\u2009–\u200911:31\u202fPM', 'Tuesday: Closed', 'Wednesday: Closed', 'Thursday: Closed', 'Friday: Closed', 'Saturday: 5:00\u2009–\u200911:31\u202fPM', 'Sunday: Closed']",https://maps.google.com/?cid=14076137487160727842
雲林縣,元長夜市,23.6499322,120.3139715,ChIJkTlMzZukbjQRVWjJmai8g1U,"['Monday: Closed', 'Tuesday: 5:00\u2009–\u200910:30\u202fPM', 'Wednesday: Closed', 'Thursday: Closed', 'Friday: Closed', 'Saturday: Closed', 'Sunday: Closed']",https://maps.google.com/?cid=6161976147493611605
嘉義市,文化路夜市,23.4796013,120.449684,ChIJOb9FZtKVbjQR_BRx7_pZiVU,"['Monday: 3:30\u2009–\u200911:00\u202fPM', 'Tuesday: 3:30\u2009–\u200911:00\u202fPM', 'Wednesday: 3:30\u2009–\u200911:30\u202fPM', 'Thursday: 3:30\u2009–\u200911:00\u202fPM', 'Friday: 3:30\u2009–\u200911:00\u202fPM', 'Saturday: 3:30\u2009–\u200911:30\u202fPM', 'Sunday: 3:30\u2009–\u200911:00\u202fPM']",https://maps.google.com/?cid=6163556499327096060
嘉義市,家樂福,23.4800751,120.4491113,ChIJdQADvTGUbjQRbmls8YZnZjA,[],https://maps.google.com/?cid=3487588790718720366
嘉義市,彌陀夜市,23.4654127,120.4661118,ChIJY5pllUOUbjQRuQzv00_kTew,"['Monday: Closed', 'Tuesday: Closed', 'Wednesday: 5:00\u2009–\u200911:00\u202fPM', 'Thursday: Closed', 'Friday: 5:00\u2009–\u200911:00\u202fPM', 'Saturday: Closed', 'Sunday: Closed']",https://maps.google.com/?cid=17027516797666921657
嘉義市,湖美夜市,23.4469844,120.4386192,ChIJ5awghVyVbjQR_7CyMgICXXw,"['Monday: Closed', 'Tuesday: 5:30\u2009–\u200911:00\u202fPM', 'Wednesday: Closed', 'Thursday: Closed', 'Friday: Closed', 'Saturday: 5:30\u2009–\u200911:00\u202fPM', 'Sunday: Closed']",https://maps.google.com/?cid=8961321042000916735
嘉義縣,新塭夜市,23.3271086,120.1592162,ChIJPZOOE6uBbjQRgG308nBJ5E8,"['Monday: Closed', 'Tuesday: Closed', 'Wednesday: Closed', 'Thursday: Closed', 'Friday: Closed', 'Saturday: 5:30\u2009–\u20099:30\u202fPM', 'Sunday: Closed']",https://maps.google.com/?cid=5756806973147606400
嘉義縣,布袋夜市,23.3778104,120.1563995,ChIJi_8L7CoobDQRoejAauYaagE,"['Monday: Closed', 'Tuesday: Closed', 'Wednesday: Closed', 'Thursday: Closed', 'Friday: Closed', 'Saturday: Closed', 'Sunday: 5:00\u202fPM\u2009–\u200912:00\u202fAM']",https://maps.google.com/?cid=101923518505085089
嘉義縣,大布袋夜市,23.3781618,120.1648766,ChIJ7QiGMIaCbjQROD4mwJSlA-s,[],https://maps.google.com/?cid=16934561082140671544
嘉義縣,過溝夜市,23.4161443,120.1803825,ChIJs6QVDQCdbjQRJ5Ec0L8l-OE,"['Monday: Closed', 'Tuesday: Closed', 'Wednesday: Closed', 'Thursday: Closed', 'Friday: Closed', 'Saturday: 3:00\u2009–\u200910:00\u202fPM', 'Sunday: Closed']",https://maps.google.com/?cid=16282805958518542631
嘉義縣,東石夜市,23.456836,120.1490776,ChIJwUn22DEnbDQRgWpfIcyTV9o,"['Monday: Closed', 'Tuesday: 4:30\u2009–\u20098:00\u202fPM', 'Wednesday: Closed', 'Thursday: Closed', 'Friday: Closed', 'Saturday: Closed', 'Sunday: Closed']",https://maps.google.com/?cid=15733206328184629889
嘉義縣,蒜頭夜市,23.4903912,120.2912468,ChIJVVVFKXGZbjQR2fbhhRiqtdk,"['Monday: Closed', 'Tuesday: Closed', 'Wednesday: Closed', 'Thursday: 4:30\u2009–\u20099:30\u202fPM', 'Friday: Closed', 'Saturday: Closed', 'Sunday: Closed']",https://maps.google.com/?cid=15687631899317106393
嘉義縣,義竹夜市,23.3368967,120.2457636,ChIJ8yg4PfODbjQRu6RXgMtJiXw,[],https://maps.google.com/?cid=8973784870892840123
嘉義縣,鹿草夜市,23.4131624,120.306508,ChIJ__36ZuaabjQR8D0vpsoTFLE,"['Monday: Closed', 'Tuesday: 5:00\u2009–\u20099:30\u202fPM', 'Wednesday: Closed', 'Thursday: 5:00\u2009–\u20099:30\u202fPM', 'Friday: Closed', 'Saturday: Closed', 'Sunday: 5:00\u2009–\u20099:30\u202fPM']",https://maps.google.com/?cid=12759845405339893232
嘉義縣,朴子夜市,23.4594013,120.245856,ChIJM3GFgnacbjQRtFjvYa3yn3w,"['Monday: Closed', 'Tuesday: Closed', 'Wednesday: Closed', 'Thursday: Closed', 'Friday: Closed', 'Saturday: 5:00\u2009–\u200911:00\u202fPM', 'Sunday: Closed']",https://maps.google.com/?cid=8980163008486398132
嘉義縣,七主宮夜市,23.4550907,120.292185,ChIJ5Z4IB8qbbjQRuUaSRumkTEE,"['Monday: 7:00\u202fAM\u2009–\u20098:00\u202fPM', 'Tuesday: 7:00\u202fAM\u2009–\u20099:00\u202fPM', 'Wednesday: 7:00\u202fAM\u2009–\u20098:00\u202fPM', 'Thursday: 7:00\u202fAM\u2009–\u20099:00\u202fPM', 'Friday: 7:00\u202fAM\u2009–\u20098:00\u202fPM', 'Saturday: 7:00\u202fAM\u2009–\u20098:00\u202fPM', 'Sunday: 7:00\u202fAM\u2009–\u20098:00\u202fPM']",https://maps.google.com/?cid=4705317032513652409
嘉義縣,後潭夜市,23.4523047,120.3446215,ChIJMRzkKgiabjQR1S0qfIkK_8Q,"['Monday: Closed', 'Tuesday: Closed', 'Wednesday: Closed', 'Thursday: Closed', 'Friday: 5:30\u2009–\u200910:00\u202fPM', 'Saturday: Closed', 'Sunday: Closed']",https://maps.google.com/?cid=14195076136105029077
嘉義縣,新埤夜市,23.4861529,120.3348606,ChIJkZytqueZbjQRTA1fyW7wFxY,"['Monday: Closed', 'Tuesday: Closed', 'Wednesday: 4:30\u2009–\u20098:30\u202fPM', 'Thursday: Closed', 'Friday: Closed', 'Saturday: Closed', 'Sunday: Closed']",https://maps.google.com/?cid=1592005351914278220
嘉義縣,麻魚寮夜市,23.4997695,120.3681803,ChIJvwOKGAuXbjQRTIBMfdfXP0A,"['Monday: Closed', 'Tuesday: Closed', 'Wednesday: Closed', 'Thursday: 5:00\u2009–\u200910:00\u202fPM', 'Friday: Closed', 'Saturday: 5:00\u2009–\u200910:00\u202fPM', 'Sunday: 6:00\u2009–\u200910:00\u202fPM']",https://maps.google.com/?cid=4629656262480265292
嘉義縣,水牛厝夜市,23.4999644,120.3849257,ChIJQ5AVDqqXbjQRwh7CDKNHqBY,[],https://maps.google.com/?cid=1632633630541094594
嘉義縣,新港夜市,23.5610135,120.3508452,ChIJu7sHIU69bjQRQFvu5qXeIUs,"['Monday: Closed', 'Tuesday: Closed', 'Wednesday: Closed', 'Thursday: 5:30\u2009–\u200911:00\u202fPM', 'Friday: Closed', 'Saturday: Closed', 'Sunday: Closed']",https://maps.google.com/?cid=5413853031201397568
嘉義縣,民雄夜市,23.5540226,120.4334563,ChIJdVBSzN-9bjQRfVg_13ZRKT4,[],https://maps.google.com/?cid=4479200875255912573
嘉義縣,頭橋夜市,23.523826,120.4394145,ChIJtXQwRvyVbjQRrw8TEv-Wlmg,[],https://maps.google.com/?cid=7536377048715169711
嘉義縣,溪口夜市,23.6027485,120.3985222,ChIJbUO52Ti9bjQRxC3-K4EyhyM,"['Monday: Closed', 'Tuesday: Closed', 'Wednesday: Closed', 'Thursday: 5:00\u2009–\u200911:00\u202fPM', 'Friday: Closed', 'Saturday: Closed', 'Sunday: Closed']",https://maps.google.com/?cid=2560070443553664452
嘉義縣,大林夜市,23.6146459,120.4865908,ChIJm5PxQwC5bjQRTslnCYXzc5U,"['Monday: Closed', 'Tuesday: Closed', 'Wednesday: Closed', 'Thursday: 5:00\u2009–\u200910:00\u202fPM', 'Friday: Closed', 'Saturday: Closed', 'Sunday: Closed']",https://maps.google.com/?cid=10769218886686984526
嘉義縣,大埔美夜市,23.600971,120.504417,ChIJy60ZZzW_bjQRo7wtxalxcpQ,[],https://maps.google.com/?cid=10696737038929869987
嘉義縣,竹崎夜市,23.517832,120.5493854,ChIJU_oaDebBbjQRXQzu1Xt1Los,"['Monday: Closed', 'Tuesday: Closed', 'Wednesday: 5:00\u2009–\u200910:00\u202fPM', 'Thursday: Closed', 'Friday: Closed', 'Saturday: 5:00\u2009–\u200910:00\u202fPM', 'Sunday: Closed']",https://maps.google.com/?cid=10029082594931248221
嘉義縣,梅山夜市,23.5866383,120.5550127,ChIJRTWT3MvAbjQRENNw-DGlujg,"['Monday: Closed', 'Tuesday: Closed', 'Wednesday: Closed', 'Thursday: Closed', 'Friday: Closed', 'Saturday: Closed', 'Sunday: 5:00\u2009–\u200910:30\u202fPM']",https://maps.google.com/?cid=4087761245832270608
嘉義縣,水上夜市,23.4306723,120.4116821,ChIJOah5bheRbjQRiabrpH7SmRU,"['Monday: Closed', 'Tuesday: Closed', 'Wednesday: Closed', 'Thursday: Closed', 'Friday: Closed', 'Saturday: Closed', 'Sunday: 4:30\u2009–\u200911:00\u202fPM']",https://maps.google.com/?cid=1556506587607836297
嘉義縣,中庄夜市,23.4209137,120.439271,ChIJB5cvYgCTbjQRZAB2tVarMpY,"['Monday: Closed', 'Tuesday: Closed', 'Wednesday: Closed', 'Thursday: Closed', 'Friday: Closed', 'Saturday: 5:00\u2009–\u20099:00\u202fPM', 'Sunday: Closed']",https://maps.google.com/?cid=10822901243424669796
嘉義縣,汴頭夜市,23.4417414,120.5358362,ChIJdcp_PknrbjQRutFzpbJvhA0,"['Monday: Closed', 'Tuesday: 5:00\u2009–\u20099:30\u202fPM', 'Wednesday: Closed', 'Thursday: 5:00\u2009–\u20099:30\u202fPM', 'Friday: Closed', 'Saturday: Closed', 'Sunday: Closed']",https://maps.google.com/?cid=974026232489562554
嘉義縣,同仁夜市,23.4036739,120.5114221,ChIJUzDqde2TbjQRlbkK1Oy9qxY,"['Monday: Closed', 'Tuesday: Closed', 'Wednesday: Closed', 'Thursday: Closed', 'Friday: Closed', 'Saturday: 4:30\u2009–\u20099:30\u202fPM', 'Sunday: Closed']",https://maps.google.com/?cid=1633608114719340949
嘉義縣,番路夜市,23.4653362,120.5496686,ChIJFVj46t_qbjQRxuEqdJR8CCY,"['Monday: Closed', 'Tuesday: Closed', 'Wednesday: Closed', 'Thursday: Closed', 'Friday: 5:00\u2009–\u200910:00\u202fPM', 'Saturday: Closed', 'Sunday: Closed']",https://maps.google.com/?cid=2740577350300918214
臺南市,花園夜市,23.0112387,120.2002271,ChIJx7B27Vl2bjQRXNQQFasKOKI,"['Monday: Closed', 'Tuesday: Closed', 'Wednesday: Closed', 'Thursday: 5:00\u202fPM\u2009–\u200912:00\u202fAM', 'Friday: 5:00\u202fPM\u2009–\u200912:00\u202fAM', 'Saturday: 5:00\u202fPM\u2009–\u200912:00\u202fAM', 'Sunday: 5:00\u202fPM\u2009–\u200912:00\u202fAM']",https://maps.google.com/?cid=11689104562749232220
臺南市,大東夜市,22.9826132,120.2193412,ChIJPUnSeZt2bjQRbdloDIos_Po,"['Monday: 6:00\u202fPM\u2009–\u20091:00\u202fAM', 'Tuesday: 6:00\u202fPM\u2009–\u20091:00\u202fAM', 'Wednesday: Closed', 'Thursday: Closed', 'Friday: 6:00\u202fPM\u2009–\u20091:00\u202fAM', 'Saturday: Closed', 'Sunday: Closed']",https://maps.google.com/?cid=18085379175038376301
臺南市,武聖夜市,23.003458,120.1905098,ChIJc9IkfkJ2bjQRD5USkR9J1ck,"['Monday: Closed', 'Tuesday: Closed', 'Wednesday: 5:00\u202fPM\u2009–\u200912:00\u202fAM', 'Thursday: Closed', 'Friday: 5:00\u202fPM\u2009–\u200912:00\u202fAM', 'Saturday: 5:00\u202fPM\u2009–\u200912:00\u202fAM', 'Sunday: Closed']",https://maps.google.com/?cid=14543610971589612815
臺南市,小北觀光夜市,23.0081787,120.2067871,ChIJiTGqtvd2bjQRVASjm2J_RqA,"['Monday: 2:00\u202fPM\u2009–\u200912:00\u202fAM', 'Tuesday: 2:00\u202fPM\u2009–\u200912:00\u202fAM', 'Wednesday: 2:00\u202fPM\u2009–\u200912:00\u202fAM', 'Thursday: 2:00\u202fPM\u2009–\u200912:00\u202fAM', 'Friday: 2:00\u202fPM\u2009–\u200912:00\u202fAM', 'Saturday: 2:00\u202fPM\u2009–\u200912:00\u202fAM', 'Sunday: 2:00\u202fPM\u2009–\u200912:00\u202fAM']",https://maps.google.com/?cid=11549058355932890196
臺南市,小北成功夜市,23.0105854,120.2079175,ChIJK5f_WU53bjQRftRCvGmAoCU,"['Monday: Closed', 'Tuesday: 5:00\u202fPM\u2009–\u200912:00\u202fAM', 'Wednesday: Closed', 'Thursday: Closed', 'Friday: 5:00\u202fPM\u2009–\u200912:00\u202fAM', 'Saturday: Closed', 'Sunday: Closed']",https://maps.google.com/?cid=2711308167295456382
臺南市,仁和夜市,22.9716883,120.2328259,ChIJ0ex7Gx50bjQRDT0Chuu_h_g,"['Monday: 4:30\u2009–\u200911:30\u202fPM', 'Tuesday: Closed', 'Wednesday: Closed', 'Thursday: Closed', 'Friday: Closed', 'Saturday: Closed', 'Sunday: Closed']",https://maps.google.com/?cid=17908493461548580109
臺南市,灣裡夜市,22.928357,120.181769,ChIJ4ziSK211bjQRuE1pEUNH_L8,"['Monday: Closed', 'Tuesday: Closed', 'Wednesday: 6:00\u2009–\u200911:00\u202fPM', 'Thursday: Closed', 'Friday: Closed', 'Saturday: 6:00\u2009–\u200911:00\u202fPM', 'Sunday: Closed']",https://maps.google.com/?cid=13834010508755815864
臺南市,新永華夜市,22.9892468,120.1747284,ChIJr0iVbxZ3bjQRutX9nM4ptQE,"['Monday: Closed', 'Tuesday: Closed', 'Wednesday: Closed', 'Thursday: 5:00\u2009–\u200911:30\u202fPM', 'Friday: Closed', 'Saturday: Closed', 'Sunday: 5:00\u2009–\u200911:30\u202fPM']",https://maps.google.com/?cid=123050532196439482
臺南市,十二佃夜市,23.0662504,120.1752702,ChIJD6jyS_F3bjQR0RoT32x143c,"['Monday: 6:00\u2009–\u200910:00\u202fPM', 'Tuesday: Closed', 'Wednesday: Closed', 'Thursday: Closed', 'Friday: Closed', 'Saturday: Closed', 'Sunday: Closed']",https://maps.google.com/?cid=8638877620686232273
臺南市,本淵寮夜市,23.0525048,120.1741246,ChIJPYmvuul3bjQRmZ2S23tLQ-I,"['Monday: Closed', 'Tuesday: Closed', 'Wednesday: Closed', 'Thursday: Closed', 'Friday: 5:00\u2009–\u200910:00\u202fPM', 'Saturday: Closed', 'Sunday: Closed']",https://maps.google.com/?cid=16303958071348207001
臺南市,中州寮夜市,23.0696099,120.2201834,ChIJMSNSWwB5bjQR2q91NGhuaLQ,[],https://maps.google.com/?cid=12999761718240718810
臺南市,土城聖母廟夜市,23.0668428,120.1273353,ChIJKaqKyjvYbTQRVHMfTznl2c4,"['Monday: Closed', 'Tuesday: Closed', 'Wednesday: Closed', 'Thursday: 4:30\u2009–\u200910:30\u202fPM', 'Friday: Closed', 'Saturday: 4:30\u2009–\u200910:30\u202fPM', 'Sunday: Closed']",https://maps.google.com/?cid=14905196476062724948
臺南市,國宅夜市,23.0437631,120.1960204,ChIJex1iHKN3bjQRvOvEmAS023Y,"['Monday: Closed', 'Tuesday: Closed', 'Wednesday: 5:30\u2009–\u200910:30\u202fPM', 'Thursday: Closed', 'Friday: Closed', 'Saturday: 5:30\u2009–\u200910:30\u202fPM', 'Sunday: Closed']",https://maps.google.com/?cid=8564637048211041212
臺南市,樺谷夜市,23.0264835,120.1939769,ChIJv4hmy7J3bjQRrS7uRPi0kjQ,"['Monday: Closed', 'Tuesday: Closed', 'Wednesday: Closed', 'Thursday: Closed', 'Friday: Closed', 'Saturday: Closed', 'Sunday: 5:30\u2009–\u200910:30\u202fPM']",https://maps.google.com/?cid=3788289214973357741
臺南市,新同安夜市,23.0400996,120.1901304,ChIJW1B6J_h3bjQRByQQZCuYzR8,"['Monday: Closed', 'Tuesday: 5:00\u2009–\u200911:30\u202fPM', 'Wednesday: Closed', 'Thursday: Closed', 'Friday: 5:00\u2009–\u200911:30\u202fPM', 'Saturday: Closed', 'Sunday: Closed']",https://maps.google.com/?cid=2291655097531245575
臺南市,永大夜市,23.0189932,120.262842,ChIJrUVjgtpwbjQRc1Bssd39icQ,"['Monday: 5:00\u202fPM\u2009–\u200912:00\u202fAM', 'Tuesday: Closed', 'Wednesday: Closed', 'Thursday: 5:00\u202fPM\u2009–\u200912:00\u202fAM', 'Friday: Closed', 'Saturday: 5:00\u202fPM\u2009–\u200912:00\u202fAM', 'Sunday: 5:00\u202fPM\u2009–\u200912:00\u202fAM']",https://maps.google.com/?cid=14162129631849500787
臺南市,南工小夜市,22.9998999,120.2268758,ChIJE_4_lcx8bjQRTnbcpapMf9Q,[],https://maps.google.com/?cid=15312041553893815886
臺南市,鹽行夜市,23.0414316,120.2371441,ChIJyW4Si0Z3bjQR1X_XmmQWVWo,"['Monday: 5:00\u202fPM\u2009–\u200912:00\u202fAM', 'Tuesday: Closed', 'Wednesday: Closed', 'Thursday: Closed', 'Friday: Closed', 'Saturday: Closed', 'Sunday: Closed']",https://maps.google.com/?cid=7662054962391121877
臺南市,中興里夜市,23.008742,120.2375398,ChIJcUI1RNp2bjQRGdUWUaPVLdo,[],https://maps.google.com/?cid=15721456771637105945
臺南市,復華夜市,23.009068,120.2457479,ChIJUUSnENR2bjQR5-ETe_NNvLI,"['Monday: Closed', 'Tuesday: 5:30\u202fPM\u2009–\u200912:00\u202fAM', 'Wednesday: Closed', 'Thursday: Closed', 'Friday: 5:30\u202fPM\u2009–\u200912:00\u202fAM', 'Saturday: Closed', 'Sunday: Closed']",https://maps.google.com/?cid=12879254742510068199
臺南市,聖龍夜市,23.0304599,120.2597679,ChIJJbOcsslwbjQRmg2nNmIX6yo,"['Monday: Closed', 'Tuesday: Closed', 'Wednesday: 5:00\u2009–\u20099:30\u202fPM', 'Thursday: Closed', 'Friday: Closed', 'Saturday: Closed', 'Sunday: Closed']",https://maps.google.com/?cid=3092591279711128986
臺南市,大灣夜市,23.0071828,120.2674445,ChIJN2VlJCdxbjQRqcRDgkyAbm4,"['Monday: Closed', 'Tuesday: Closed', 'Wednesday: Closed', 'Thursday: Closed', 'Friday: Closed', 'Saturday: Closed', 'Sunday: 4:30\u2009–\u200910:30\u202fPM']",https://maps.google.com/?cid=7957438657701594281
臺南市,鍾厝夜市,22.9703729,120.2559276,ChIJxRk_8lVxbjQRqfDGdR6p4UU,"['Monday: Closed', 'Tuesday: 5:00\u2009–\u200911:00\u202fPM', 'Wednesday: Closed', 'Thursday: Closed', 'Friday: Closed', 'Saturday: Closed', 'Sunday: Closed']",https://maps.google.com/?cid=5035491806667010217
臺南市,德南夜市,22.9490537,120.2517687,ChIJEfdcWvVzbjQR9FRkX2g7-KQ,[],https://maps.google.com/?cid=11887316535907472628
臺南市,太子廟夜市,22.991532,120.25686,ChIJE4SwSIVxbjQR7UpGhALurwk,"['Monday: Closed', 'Tuesday: Closed', 'Wednesday: Closed', 'Thursday: Closed', 'Friday: 5:00\u2009–\u200910:00\u202fPM', 'Saturday: Closed', 'Sunday: Closed']",https://maps.google.com/?cid=698038161842260717
臺南市,大潭夜市,22.9998999,120.2268758,ChIJE_4_lcx8bjQRTnbcpapMf9Q,[],https://maps.google.com/?cid=15312041553893815886
臺南市,歸仁星期三夜市,22.9519268,120.2858846,ChIJq3-ZgNNzbjQRQtenGPeqwk8,[],https://maps.google.com/?cid=5747344052725471042
臺南市,歸仁星期四夜市,22.9519268,120.2858846,ChIJq3-ZgNNzbjQRQtenGPeqwk8,[],https://maps.google.com/?cid=5747344052725471042
臺南市,關廟夜市,22.9605145,120.3293339,ChIJGfC55vBxbjQRJUN3MmDFdEI,"['Monday: 4:00\u2009–\u200910:30\u202fPM', 'Tuesday: Closed', 'Wednesday: Closed', 'Thursday: Closed', 'Friday: 4:00\u2009–\u200910:30\u202fPM', 'Saturday: Closed', 'Sunday: Closed']",https://maps.google.com/?cid=4788669320755888933
臺南市,新市夜市,23.0767094,120.2917587,ChIJk2EEpVl6bjQRp5ZRYWfgX94,"['Monday: Closed', 'Tuesday: Closed', 'Wednesday: Closed', 'Thursday: Closed', 'Friday: Closed', 'Saturday: Closed', 'Sunday: 5:00\u2009–\u200911:30\u202fPM']",https://maps.google.com/?cid=16023772733826504359
臺南市,善化夜市,23.1277085,120.2976019,ChIJJZBWW397bjQRPFq3IUnIjNA,"['Monday: Closed', 'Tuesday: 5:00\u202fPM\u2009–\u200912:00\u202fAM', 'Wednesday: Closed', 'Thursday: Closed', 'Friday: 5:00\u202fPM\u2009–\u200912:00\u202fAM', 'Saturday: Closed', 'Sunday: 5:00\u202fPM\u2009–\u200912:00\u202fAM']",https://maps.google.com/?cid=15027606273052334652
臺南市,新化夜市,23.0360163,120.3028985,ChIJo3wUnHxwbjQRzwQRl1IsFAE,"['Monday: Closed', 'Tuesday: 4:00\u2009–\u20099:30\u202fPM', 'Wednesday: Closed', 'Thursday: Closed', 'Friday: Closed', 'Saturday: Closed', 'Sunday: Closed']",https://maps.google.com/?cid=77735826805556431
臺南市,民生夜市,23.0432963,120.3056886,ChIJJ-0ojHhwbjQRpu1QlVVRvNI,"['Monday: Closed', 'Tuesday: Closed', 'Wednesday: Closed', 'Thursday: 5:00\u2009–\u200910:30\u202fPM', 'Friday: Closed', 'Saturday: Closed', 'Sunday: Closed']",https://maps.google.com/?cid=15185101471605648806
臺南市,隆田夜市,23.1925111,120.3156035,ChIJ98BLlhR9bjQRKAQ0Ruvn7aM,"['Monday: Closed', 'Tuesday: Closed', 'Wednesday: Closed', 'Thursday: Closed', 'Friday: Closed', 'Saturday: 4:00\u2009–\u200910:00\u202fPM', 'Sunday: Closed']",https://maps.google.com/?cid=11812352395343823912
臺南市,六甲夜市,23.23053,120.3521904,ChIJCQvNq3OIbjQRPnChJRM-nrk,"['Monday: Closed', 'Tuesday: Closed', 'Wednesday: Closed', 'Thursday: Closed', 'Friday: 4:30\u2009–\u20099:30\u202fPM', 'Saturday: Closed', 'Sunday: Closed']",https://maps.google.com/?cid=13375196195293589566
臺南市,下營夜市,23.2316198,120.2621453,ChIJ8-pNQlCHbjQRVKK5UeA0tM8,"['Monday: Closed', 'Tuesday: Closed', 'Wednesday: Closed', 'Thursday: Closed', 'Friday: Closed', 'Saturday: Closed', 'Sunday: 5:00\u2009–\u20099:00\u202fPM']",https://maps.google.com/?cid=14966645599707439700
臺南市,中營夜市,23.2145648,120.2759942,ChIJJb1--4x9bjQR3motAyqXwQk,"['Monday: Closed', 'Tuesday: Closed', 'Wednesday: Closed', 'Thursday: Closed', 'Friday: Closed', 'Saturday: 3:00\u2009–\u200910:00\u202fPM', 'Sunday: Closed']",https://maps.google.com/?cid=703009223544236766
臺南市,麻豆夜市,23.1840346,120.2457694,ChIJwQ4u0oB-bjQRQSQdIDu79p0,"['Monday: 4:00\u202fPM\u2009–\u200912:00\u202fAM', 'Tuesday: Closed', 'Wednesday: Closed', 'Thursday: Closed', 'Friday: Closed', 'Saturday: Closed', 'Sunday: Closed']",https://maps.google.com/?cid=11382490970841752641
臺南市,西港夜市,23.1205943,120.202578,ChIJkzz7oTZ5bjQRb9YaeCSXHbI,"['Monday: Closed', 'Tuesday: Closed', 'Wednesday: Closed', 'Thursday: Closed', 'Friday: 3:30\u2009–\u20099:30\u202fPM', 'Saturday: Closed', 'Sunday: Closed']",https://maps.google.com/?cid=12834580695965423215
臺南市,安定夜市,23.119918,120.2361637,ChIJWxPuMj95bjQR9Uyo9kLXJgo,"['Monday: Closed', 'Tuesday: Closed', 'Wednesday: 5:00\u2009–\u200911:00\u202fPM', 'Thursday: Closed', 'Friday: Closed', 'Saturday: Closed', 'Sunday: Closed']",https://maps.google.com/?cid=731508672100322549
臺南市,海寮夜市,23.097811,120.210695,ChIJCbiK4K15bjQRR-t-nflZ9U0,[],https://maps.google.com/?cid=5617495038838631239
臺南市,佳里夜市,23.157368,120.1814236,ChIJ2b6JXTV_bjQRWt46bVe9BYY,"['Monday: Closed', 'Tuesday: Closed', 'Wednesday: Closed', 'Thursday: 5:00\u2009–\u200911:00\u202fPM', 'Friday: Closed', 'Saturday: Closed', 'Sunday: Closed']",https://maps.google.com/?cid=9657333159158275674
臺南市,安西夜市,23.164853,120.167561,ChIJT2yCf1F_bjQRBNcZi4C215c,"['Monday: Closed', 'Tuesday: Closed', 'Wednesday: 5:00\u2009–\u200911:00\u202fPM', 'Thursday: Closed', 'Friday: Closed', 'Saturday: 5:00\u2009–\u200911:00\u202fPM', 'Sunday: Closed']",https://maps.google.com/?cid=10941414482925704964
臺南市,仁愛夜市,23.1532611,120.1749297,ChIJ0ymt8rN4bjQR5W_RFWiAkrE,"['Monday: Closed', 'Tuesday: 5:30\u2009–\u200910:00\u202fPM', 'Wednesday: Closed', 'Thursday: Closed', 'Friday: 5:30\u2009–\u200910:00\u202fPM', 'Saturday: Closed', 'Sunday: Closed']",https://maps.google.com/?cid=12795430675844001765
臺南市,玉井夜市,23.1238598,120.4667838,ChIJ99W3JBFhbjQRU6UG7l2IDs8,"['Monday: Closed', 'Tuesday: Closed', 'Wednesday: 4:00\u2009–\u200911:00\u202fPM', 'Thursday: Closed', 'Friday: Closed', 'Saturday: 4:00\u2009–\u200911:00\u202fPM', 'Sunday: Closed']",https://maps.google.com/?cid=14920012552531780947
臺南市,山上夜市,23.1023274,120.3534269,ChIJBVCTn2xlbjQRDyd7vZBpyhQ,"['Monday: 5:30\u2009–\u200910:30\u202fPM', 'Tuesday: Closed', 'Wednesday: Closed', 'Thursday: Closed', 'Friday: Closed', 'Saturday: Closed', 'Sunday: Closed']",https://maps.google.com/?cid=1498125896429283087
臺南市,大內夜市,23.1178968,120.3606252,ChIJOeEORgBlbjQReYqldP2GwSk,[],https://maps.google.com/?cid=3008834449202055801
臺南市,漚汪夜市,23.197409,120.159227,ChIJs_e99H1_bjQRvyt44ESKefg,[],https://maps.google.com/?cid=17904493822016498623
臺南市,學甲夜市,23.2364388,120.1786035,ChIJfR3jWeh_bjQRkfGG-zaGUXg,"['Monday: Closed', 'Tuesday: Closed', 'Wednesday: 5:00\u2009–\u200910:30\u202fPM', 'Thursday: Closed', 'Friday: Closed', 'Saturday: Closed', 'Sunday: Closed']",https://maps.google.com/?cid=8669858328371196305
臺南市,蚵寮夜市,23.287586,120.135075,ChIJm2lmJfMqbDQREXoA87iErsI,[],https://maps.google.com/?cid=14028295819191417361
臺南市,北門夜市,23.2866026,120.1242853,ChIJA-Hbpe0qbDQR_J9Ux-VBsSE,[],https://maps.google.com/?cid=2427794129276936188
臺南市,三寮灣夜市,23.241465,120.109741,ChIJHUn0KtnUbTQR69_DaSWpk6Y,[],https://maps.google.com/?cid=12003123410025832427
臺南市,新營中華路夜市,23.3043656,120.309629,ChIJU7uKvmmFbjQRI6XtCJbCwK0,"['Monday: Closed', 'Tuesday: Closed', 'Wednesday: Closed', 'Thursday: Closed', 'Friday: Closed', 'Saturday: 4:00\u2009–\u200911:30\u202fPM', 'Sunday: Closed']",https://maps.google.com/?cid=12520220913740653859
臺南市,新進夜市,23.3008861,120.3060913,ChIJSU-KiniGbjQRIJUjwwBOX0Q,"['Monday: Closed', 'Tuesday: Closed', 'Wednesday: Closed', 'Thursday: 5:30\u2009–\u200910:30\u202fPM', 'Friday: Closed', 'Saturday: Closed', 'Sunday: 5:30\u2009–\u200910:30\u202fPM']",https://maps.google.com/?cid=4926742282547467552
臺南市,鹽水夜市,23.3234418,120.268494,ChIJ00g9KxGEbjQREuOJcX6uwfg,"['Monday: Closed', 'Tuesday: Closed', 'Wednesday: 5:00\u2009–\u200911:00\u202fPM', 'Thursday: Closed', 'Friday: Closed', 'Saturday: Closed', 'Sunday: Closed']",https://maps.google.com/?cid=17924799850005259026
臺南市,長安夜市,23.3537492,120.4186739,ChIJOabV9xmObjQR_un6uvc7Z1I,"['Monday: Closed', 'Tuesday: 5:00\u2009–\u20099:00\u202fPM', 'Wednesday: Closed', 'Thursday: Closed', 'Friday: Closed', 'Saturday: Closed', 'Sunday: Closed']",https://maps.google.com/?cid=5937780568891255294
臺南市,白河夜市,23.3508451,120.4123107,ChIJMeA5jz2ObjQRVxv-P69wrww,"['Monday: Closed', 'Tuesday: Closed', 'Wednesday: Closed', 'Thursday: Closed', 'Friday: Closed', 'Saturday: Closed', 'Sunday: 5:00\u2009–\u200910:00\u202fPM']",https://maps.google.com/?cid=914073147374705495
臺南市,白河中正夜市,22.9998999,120.2268758,ChIJE_4_lcx8bjQRTnbcpapMf9Q,[],https://maps.google.com/?cid=15312041553893815886
臺南市,柳營夜市,23.2788842,120.3170715,ChIJwXHU_WmGbjQRZuvaToPXWTs,"['Monday: Closed', 'Tuesday: Closed', 'Wednesday: Closed', 'Thursday: 5:00\u2009–\u20099:00\u202fPM', 'Friday: Closed', 'Saturday: Closed', 'Sunday: Closed']",https://maps.google.com/?cid=4276686280128654182
臺南市,小腳腿夜市,23.291579,120.3653717,ChIJ4euyDgCPbjQRhGlwu0Q9Pzs,"['Monday: 4:30\u2009–\u20099:30\u202fPM', 'Tuesday: Closed', 'Wednesday: Closed', 'Thursday: Closed', 'Friday: Closed', 'Saturday: Closed', 'Sunday: Closed']",https://maps.google.com/?cid=4269198337182296452
臺南市,果毅後夜市,23.2583,120.36858,ChIJI-F0EO2IbjQR-1osqn4m6Mg,[],https://maps.google.com/?cid=14476863327645227771
臺南市,東山夜市,23.3249583,120.4033326,ChIJL88UIQCPbjQRL2Vq96zfocU,"['Monday: 5:00\u2009–\u20099:00\u202fPM', 'Tuesday: Closed', 'Wednesday: Closed', 'Thursday: Closed', 'Friday: Closed', 'Saturday: Closed', 'Sunday: Closed']",https://maps.google.com/?cid=14240909430700533039
臺南市,龍山夜市,23.139994,120.114298,ChIJnQs7QljWbTQRnk23_YBb9jg,[],https://maps.google.com/?cid=4104568719965375902
臺南市,南化夜市,23.1079133,120.5624474,ChIJJZghFTNebjQRUh8TV5JrWe4,[],https://maps.google.com/?cid=17174876930224365394
臺南市,楠西夜市,23.1820152,120.5163949,ChIJGQPBPK-KbjQRA4P1ucTT3FY,[],https://maps.google.com/?cid=6259110424025072387
臺南市,,22.9998999,120.2268758,ChIJE_4_lcx8bjQRTnbcpapMf9Q,[],https://maps.google.com/?cid=15312041553893815886
高雄市,六合觀光夜市,22.6320758,120.2991547,ChIJxznXwIsEbjQR_eygv0Lo5tM,"['Monday: 5:00\u202fPM\u2009–\u20092:00\u202fAM', 'Tuesday: 5:00\u202fPM\u2009–\u20092:00\u202fAM', 'Wednesday: 5:00\u202fPM\u2009–\u20092:00\u202fAM', 'Thursday: 5:00\u202fPM\u2009–\u20092:00\u202fAM', 'Friday: 5:00\u202fPM\u2009–\u20092:00\u202fAM', 'Saturday: 5:00\u202fPM\u2009–\u20092:00\u202fAM', 'Sunday: 5:00\u202fPM\u2009–\u20092:00\u202fAM']",https://maps.google.com/?cid=15269146960026725629
高雄市,南華夜市,22.6298264,120.3030779,ChIJmdAWMokEbjQRc_K0z1EVs1s,"['Monday: 11:30\u202fAM\u2009–\u200910:00\u202fPM', 'Tuesday: 11:30\u202fAM\u2009–\u200910:00\u202fPM', 'Wednesday: 11:30\u202fAM\u2009–\u200910:00\u202fPM', 'Thursday: 11:30\u202fAM\u2009–\u200910:00\u202fPM', 'Friday: 11:30\u202fAM\u2009–\u200910:00\u202fPM', 'Saturday: 11:30\u202fAM\u2009–\u200910:00\u202fPM', 'Sunday: 11:30\u202fAM\u2009–\u200910:00\u202fPM']",https://maps.google.com/?cid=6607648519403926131
高雄市,瑞豐夜市,22.6660714,120.2996278,ChIJG12iPwcFbjQR8vPAeEnvkX8,"['Monday: Closed', 'Tuesday: 5:00\u202fPM\u2009–\u200912:00\u202fAM', 'Wednesday: Closed', 'Thursday: 5:00\u202fPM\u2009–\u200912:00\u202fAM', 'Friday: 5:00\u202fPM\u2009–\u200912:00\u202fAM', 'Saturday: 5:00\u202fPM\u2009–\u200912:00\u202fAM', 'Sunday: 5:00\u202fPM\u2009–\u200912:00\u202fAM']",https://maps.google.com/?cid=9192391413277455346
高雄市,前鎮夜市,22.5915806,120.3063943,ChIJicErR1oDbjQRdg35wgQEepo,"['Monday: 4:30\u202fPM\u2009–\u20091:30\u202fAM', 'Tuesday: 4:30\u202fPM\u2009–\u20091:30\u202fAM', 'Wednesday: 4:30\u202fPM\u2009–\u20091:30\u202fAM', 'Thursday: 4:30\u202fPM\u2009–\u20091:30\u202fAM', 'Friday: 4:30\u202fPM\u2009–\u20091:30\u202fAM', 'Saturday: 4:30\u202fPM\u2009–\u20091:30\u202fAM', 'Sunday: 4:30\u202fPM\u2009–\u20091:30\u202fAM']",https://maps.google.com/?cid=11131213847497084278
高雄市,佛公夜市,22.571675,120.32201,ChIJi7DNe5UDbjQRKxiX2aFMn4A,"['Monday: Closed', 'Tuesday: Closed', 'Wednesday: 6:00\u2009–\u20099:00\u202fPM', 'Thursday: Closed', 'Friday: Closed', 'Saturday: Closed', 'Sunday: Closed']",https://maps.google.com/?cid=9268210816175773739
高雄市,光華夜市,22.6182198,120.3178281,ChIJdWDU15gEbjQRbkLoybaGCk8,"['Monday: 5:00\u202fPM\u2009–\u20091:00\u202fAM', 'Tuesday: 5:00\u202fPM\u2009–\u20091:00\u202fAM', 'Wednesday: 5:00\u202fPM\u2009–\u20091:00\u202fAM', 'Thursday: 5:00\u202fPM\u2009–\u20091:00\u202fAM', 'Friday: 5:00\u202fPM\u2009–\u20091:00\u202fAM', 'Saturday: 5:00\u202fPM\u2009–\u20091:00\u202fAM', 'Sunday: 5:00\u202fPM\u2009–\u20091:00\u202fAM']",https://maps.google.com/?cid=5695512798393025134
高雄市,德昌夜市,22.583639,120.3167565,ChIJp4iR5BYDbjQR4QzX0sfjVbk,"['Monday: Closed', 'Tuesday: 3:00\u202fPM\u2009–\u200912:00\u202fAM', 'Wednesday: Closed', 'Thursday: 3:00\u202fPM\u2009–\u200912:00\u202fAM', 'Friday: Closed', 'Saturday: Closed', 'Sunday: Closed']",https://maps.google.com/?cid=13354830717412379873
高雄市,崗山南夜市,22.6028643,120.3322175,ChIJ-4HJn1ADbjQRQYhZZAWurPk,[],https://maps.google.com/?cid=17990945949619947585
高雄市,漢民夜市,22.5658537,120.3581462,ChIJQW_8ftkcbjQRFdE6L41wdIY,"['Monday: Closed', 'Tuesday: 6:00\u202fPM\u2009–\u200912:00\u202fAM', 'Wednesday: 6:00\u202fPM\u2009–\u200912:00\u202fAM', 'Thursday: Closed', 'Friday: 6:00\u202fPM\u2009–\u200912:00\u202fAM', 'Saturday: 6:00\u202fPM\u2009–\u200912:00\u202fAM', 'Sunday: 6:00\u202fPM\u2009–\u200912:00\u202fAM']",https://maps.google.com/?cid=9688492450065862933
高雄市,二苓夜市,22.5669302,120.3480742,ChIJp-6hP9QcbjQR9TLKKltecuU,"['Monday: Closed', 'Tuesday: Closed', 'Wednesday: Closed', 'Thursday: Closed', 'Friday: 6:00\u2009–\u200910:30\u202fPM', 'Saturday: Closed', 'Sunday: Closed']",https://maps.google.com/?cid=16533380927683441397
高雄市,桂林夜市,22.5819232,120.3546995,ChIJI4SW3SwdbjQRByEyx8Gyw3I,"['Monday: 6:00\u2009–\u200911:00\u202fPM', 'Tuesday: Closed', 'Wednesday: Closed', 'Thursday: Closed', 'Friday: Closed', 'Saturday: Closed', 'Sunday: Closed']",https://maps.google.com/?cid=8269649886122746119
高雄市,鋼平夜市,22.5624377,120.3338795,ChIJBTFwnn4DbjQR1TGlzfAb_1s,"['Monday: Closed', 'Tuesday: Closed', 'Wednesday: Closed', 'Thursday: Closed', 'Friday: Closed', 'Saturday: 5:00\u2009–\u200910:00\u202fPM', 'Sunday: Closed']",https://maps.google.com/?cid=6629047897568915925
高雄市,高松夜市,22.575144,120.372719,ChIJY-UhCewcbjQRYdoAaEEbkZs,[],https://maps.google.com/?cid=11209770915233585761
高雄市,苓雅夜市,22.6170165,120.2984957,ChIJN4fkG4AEbjQRkzmI0xBVDH8,"['Monday: 5:00\u202fPM\u2009–\u20091:00\u202fAM', 'Tuesday: 5:00\u202fPM\u2009–\u20091:00\u202fAM', 'Wednesday: 5:00\u202fPM\u2009–\u20091:00\u202fAM', 'Thursday: 5:00\u202fPM\u2009–\u20091:00\u202fAM', 'Friday: 5:00\u202fPM\u2009–\u20091:00\u202fAM', 'Saturday: 5:00\u202fPM\u2009–\u20091:00\u202fAM', 'Sunday: 5:00\u202fPM\u2009–\u20091:00\u202fAM']",https://maps.google.com/?cid=9154785673294133651
高雄市,忠孝夜市,22.6212034,120.3076261,ChIJaVlopoQEbjQRZXtpMc14E7o,[],https://maps.google.com/?cid=13408193338304723813
高雄市,興中夜市,22.6148462,120.3068624,ChIJU-0ynYIEbjQR8tX6Ng8sy_E,"['Monday: 4:00\u202fPM\u2009–\u20091:30\u202fAM', 'Tuesday: 4:00\u202fPM\u2009–\u20091:30\u202fAM', 'Wednesday: 4:00\u202fPM\u2009–\u20091:30\u202fAM', 'Thursday: 4:00\u202fPM\u2009–\u20091:30\u202fAM', 'Friday: 4:00\u202fPM\u2009–\u20091:30\u202fAM', 'Saturday: 4:00\u202fPM\u2009–\u20091:30\u202fAM', 'Sunday: 4:00\u202fPM\u2009–\u20091:30\u202fAM']",https://maps.google.com/?cid=17423068027271435762
高雄市,三民街夜市,22.6354888,120.2915952,ChIJq4UomycFbjQRgaNCqdaSxF0,"['Monday: Closed', 'Tuesday: 10:00\u202fAM\u2009–\u200912:00\u202fAM', 'Wednesday: 10:00\u202fAM\u2009–\u200912:00\u202fAM', 'Thursday: 10:00\u202fAM\u2009–\u200912:00\u202fAM', 'Friday: 10:00\u202fAM\u2009–\u200912:00\u202fAM', 'Saturday: 10:00\u202fAM\u2009–\u200912:00\u202fAM', 'Sunday: 10:00\u202fAM\u2009–\u200912:00\u202fAM']",https://maps.google.com/?cid=6756686791622960001
高雄市,吉林夜市,22.6441326,120.3063354,ChIJt0q1KV8FbjQRfjNvBbQqS4k,"['Monday: 3:00\u202fPM\u2009–\u20091:00\u202fAM', 'Tuesday: 3:00\u202fPM\u2009–\u20091:00\u202fAM', 'Wednesday: 3:00\u202fPM\u2009–\u20091:00\u202fAM', 'Thursday: 3:00\u202fPM\u2009–\u20091:00\u202fAM', 'Friday: 3:00\u202fPM\u2009–\u20091:00\u202fAM', 'Saturday: 3:00\u202fPM\u2009–\u20091:00\u202fAM', 'Sunday: 3:00\u202fPM\u2009–\u20091:00\u202fAM']",https://maps.google.com/?cid=9893047959123080062
高雄市,喜峰街夜市,22.6435891,120.2996046,ChIJbWJmevYEbjQR9erxpGAR-Eo,[],https://maps.google.com/?cid=5402086859812760309
高雄市,駁二夜市,22.6199803,120.2815287,ChIJW8ThIHYEbjQR8k12HL3R1uY,"['Monday: 10:00\u202fAM\u2009–\u20096:00\u202fPM', 'Tuesday: 10:00\u202fAM\u2009–\u20096:00\u202fPM', 'Wednesday: 10:00\u202fAM\u2009–\u20096:00\u202fPM', 'Thursday: 10:00\u202fAM\u2009–\u20096:00\u202fPM', 'Friday: 10:00\u202fAM\u2009–\u20098:00\u202fPM', 'Saturday: 10:00\u202fAM\u2009–\u20098:00\u202fPM', 'Sunday: 10:00\u202fAM\u2009–\u20098:00\u202fPM']",https://maps.google.com/?cid=16633712883896045042
高雄市,內惟夜市,22.660192,120.2809278,ChIJWXZbh0wEbjQRaxGHWNIwU_0,"['Monday: Closed', 'Tuesday: Closed', 'Wednesday: 6:00\u2009–\u200911:30\u202fPM', 'Thursday: Closed', 'Friday: Closed', 'Saturday: Closed', 'Sunday: 6:00\u2009–\u200911:30\u202fPM']",https://maps.google.com/?cid=18253987394649264491
高雄市,鳳山中山路夜市,22.6225834,120.3583889,ChIJgXAO_EYbbjQR75ATJlEOIsE,"['Monday: 6:00\u202fPM\u2009–\u200912:00\u202fAM', 'Tuesday: 6:00\u202fPM\u2009–\u200912:00\u202fAM', 'Wednesday: 6:00\u202fPM\u2009–\u200912:00\u202fAM', 'Thursday: 6:00\u202fPM\u2009–\u200912:00\u202fAM', 'Friday: 6:00\u202fPM\u2009–\u200912:00\u202fAM', 'Saturday: 6:00\u202fPM\u2009–\u200912:00\u202fAM', 'Sunday: 6:00\u202fPM\u2009–\u200912:00\u202fAM']",https://maps.google.com/?cid=13916701540222210287
高雄市,中華街夜市,22.6265882,120.3557451,ChIJCz4FFjgbbjQR2VOYD9gTvyc,"['Monday: 8:00\u202fAM\u2009–\u200912:00\u202fAM', 'Tuesday: 8:00\u202fAM\u2009–\u200912:00\u202fAM', 'Wednesday: 8:00\u202fAM\u2009–\u200912:00\u202fAM', 'Thursday: 8:00\u202fAM\u2009–\u200912:00\u202fAM', 'Friday: 8:00\u202fAM\u2009–\u200912:00\u202fAM', 'Saturday: 8:00\u202fAM\u2009–\u200912:00\u202fAM', 'Sunday: 8:00\u202fAM\u2009–\u200912:00\u202fAM']",https://maps.google.com/?cid=2864029706726429657
高雄市,牛潮埔夜市,22.6272784,120.3014353,ChIJG3R6elFDbjQRNypzVEqiJkg,[],https://maps.google.com/?cid=5199021259973929527
高雄市,鳳山青年夜市,22.6099025,120.3526052,ChIJaWW7OqsbbjQRta4arIhcVns,"['Monday: 6:00\u2009–\u200911:30\u202fPM', 'Tuesday: Closed', 'Wednesday: Closed', 'Thursday: 6:00\u2009–\u200911:30\u202fPM', 'Friday: 6:00\u2009–\u200911:30\u202fPM', 'Saturday: 6:00\u2009–\u200911:30\u202fPM', 'Sunday: 6:00\u2009–\u200911:30\u202fPM']",https://maps.google.com/?cid=8887392656734990005
高雄市,五甲夜市,22.5952554,120.3275897,ChIJszdpAjEDbjQRvh63Rzgh6WU,"['Monday: 6:00\u2009–\u200911:00\u202fPM', 'Tuesday: 6:00\u2009–\u200911:00\u202fPM', 'Wednesday: 6:00\u2009–\u200911:00\u202fPM', 'Thursday: 6:00\u2009–\u200911:00\u202fPM', 'Friday: 6:00\u2009–\u200911:00\u202fPM', 'Saturday: 6:00\u2009–\u200911:00\u202fPM', 'Sunday: 6:00\u2009–\u200911:00\u202fPM']",https://maps.google.com/?cid=7343437193009372862
高雄市,海洋夜市,22.6115837,120.3475112,ChIJv1LEEqsEbjQRqOVyNtWIBS8,"['Monday: Closed', 'Tuesday: Closed', 'Wednesday: Closed', 'Thursday: 5:00\u2009–\u200911:00\u202fPM', 'Friday: Closed', 'Saturday: Closed', 'Sunday: Closed']",https://maps.google.com/?cid=3388264743989077416
高雄市,大明夜市,22.6098365,120.3416671,ChIJsx5WKcgFbjQRMERIidb7irI,"['Monday: Closed', 'Tuesday: 5:00\u2009–\u200911:30\u202fPM', 'Wednesday: Closed', 'Thursday: Closed', 'Friday: Closed', 'Saturday: Closed', 'Sunday: Closed']",https://maps.google.com/?cid=12865372184382030896
高雄市,開漳聖王廟夜市,22.628127,120.3520194,ChIJ8Wl-NDYbbjQRIB6126UxFv4,"['Monday: 5:30\u202fAM\u2009–\u20099:15\u202fPM', 'Tuesday: 5:30\u202fAM\u2009–\u20099:45\u202fPM', 'Wednesday: 5:30\u202fAM\u2009–\u20099:15\u202fPM', 'Thursday: 5:30\u202fAM\u2009–\u20099:15\u202fPM', 'Friday: 5:30\u202fAM\u2009–\u20099:15\u202fPM', 'Saturday: 5:30\u202fAM\u2009–\u20099:15\u202fPM', 'Sunday: 5:30\u202fAM\u2009–\u20099:15\u202fPM']",https://maps.google.com/?cid=18308875923546775072
高雄市,南光街夜市,22.5934854,120.3307277,ChIJ5WJxC0YDbjQRBTxkshFcIPU,"['Monday: Closed', 'Tuesday: Closed', 'Wednesday: Closed', 'Thursday: Closed', 'Friday: Closed', 'Saturday: 6:00\u2009–\u200911:00\u202fPM', 'Sunday: Closed']",https://maps.google.com/?cid=17663218969624198149
高雄市,國光路夜市,22.6185417,120.3527526,ChIJu5njAE8bbjQRzbBIZknmA2k,"['Monday: 6:00\u2009–\u200910:00\u202fPM', 'Tuesday: Closed', 'Wednesday: Closed', 'Thursday: Closed', 'Friday: Closed', 'Saturday: Closed', 'Sunday: Closed']",https://maps.google.com/?cid=7567145001835606221
高雄市,南江街夜市,22.5934854,120.3307277,ChIJ5WJxC0YDbjQRBTxkshFcIPU,"['Monday: Closed', 'Tuesday: Closed', 'Wednesday: Closed', 'Thursday: Closed', 'Friday: Closed', 'Saturday: 6:00\u2009–\u200911:00\u202fPM', 'Sunday: Closed']",https://maps.google.com/?cid=17663218969624198149
高雄市,會社88夜市,22.6029524,120.3991539,ChIJX7q2PYQbbjQR0PGARbg0tZY,"['Monday: Closed', 'Tuesday: Closed', 'Wednesday: Closed', 'Thursday: Closed', 'Friday: Closed', 'Saturday: 7:00\u202fAM\u2009–\u20095:00\u202fPM', 'Sunday: 7:00\u202fAM\u2009–\u20095:00\u202fPM']",https://maps.google.com/?cid=10859644042518524368
高雄市,翁公園迷你小夜市,22.6202613,120.408741,ChIJWy6By74bbjQR65--ZNclmOI,"['Monday: Closed', 'Tuesday: Closed', 'Wednesday: 6:00\u2009–\u200910:00\u202fPM', 'Thursday: Closed', 'Friday: Closed', 'Saturday: Closed', 'Sunday: Closed']",https://maps.google.com/?cid=16327842056070143979
高雄市,林園夜市,22.5133781,120.3998722,ChIJY9NjoXzicTQRfZh8b_RIU7w,"['Monday: Closed', 'Tuesday: 6:00\u2009–\u200911:00\u202fPM', 'Wednesday: Closed', 'Thursday: Closed', 'Friday: 6:00\u2009–\u200911:00\u202fPM', 'Saturday: Closed', 'Sunday: Closed']",https://maps.google.com/?cid=13570270316877092989
高雄市,鳥松夜市,22.6626329,120.3620733,ChIJo9fUYMEabjQRxPe8OC7__n0,"['Monday: Closed', 'Tuesday: 4:00\u2009–\u200910:30\u202fPM', 'Wednesday: Closed', 'Thursday: Closed', 'Friday: Closed', 'Saturday: Closed', 'Sunday: Closed']",https://maps.google.com/?cid=9078974472810985412
高雄市,仁武夜市,22.7011492,120.3481365,ChIJSVPhxhwQbjQRrb5xcieuFtg,"['Monday: Closed', 'Tuesday: 6:00\u2009–\u200911:00\u202fPM', 'Wednesday: Closed', 'Thursday: Closed', 'Friday: 6:00\u2009–\u200911:00\u202fPM', 'Saturday: Closed', 'Sunday: Closed']",https://maps.google.com/?cid=15570824246127083181
高雄市,仁雄夜市,22.6809033,120.3534409,ChIJcXb95q8abjQR5DPRRxshgIM,"['Monday: Closed', 'Tuesday: Closed', 'Wednesday: Closed', 'Thursday: Closed', 'Friday: Closed', 'Saturday: Closed', 'Sunday: 5:00\u2009–\u200911:00\u202fPM']",https://maps.google.com/?cid=9475610017040249828
高雄市,後勁夜市,22.7197703,120.3112906,ChIJycOJUL4PbjQR9ZxggqTRCMI,"['Monday: Closed', 'Tuesday: Closed', 'Wednesday: Closed', 'Thursday: Closed', 'Friday: 5:00\u202fPM\u2009–\u200912:00\u202fAM', 'Saturday: 5:00\u202fPM\u2009–\u200912:00\u202fAM', 'Sunday: Closed']",https://maps.google.com/?cid=13981655547663916277
高雄市,楠都夜市,22.7267632,120.3270505,ChIJVXmyf8YPbjQR1lTct74BYXI,"['Monday: Closed', 'Tuesday: Closed', 'Wednesday: Closed', 'Thursday: Closed', 'Friday: Closed', 'Saturday: Closed', 'Sunday: 6:00\u2009–\u200911:00\u202fPM']",https://maps.google.com/?cid=8241870711704802518
高雄市,土庫夜市,22.7397045,120.3328567,ChIJ64n2aC0ObjQR_xjAo_s3jUo,"['Monday: Closed', 'Tuesday: Closed', 'Wednesday: Closed', 'Thursday: 4:00\u202fPM\u2009–\u200912:00\u202fAM', 'Friday: Closed', 'Saturday: Closed', 'Sunday: Closed']",https://maps.google.com/?cid=5372011484446464255
高雄市,大社夜市,22.7274397,120.3529105,ChIJB07QZy4QbjQRI6GTncT0cy0,"['Monday: Closed', 'Tuesday: Closed', 'Wednesday: 5:00\u2009–\u200910:30\u202fPM', 'Thursday: Closed', 'Friday: Closed', 'Saturday: 5:00\u2009–\u200910:30\u202fPM', 'Sunday: Closed']",https://maps.google.com/?cid=3275230479322947875
高雄市,旗山夜市,22.900435,120.483183,ChIJ-x_BQjVqbjQRMIxuqFmNzDI,"['Monday: Closed', 'Tuesday: 5:00\u2009–\u200910:00\u202fPM', 'Wednesday: Closed', 'Thursday: Closed', 'Friday: Closed', 'Saturday: 5:00\u2009–\u200910:00\u202fPM', 'Sunday: Closed']",https://maps.google.com/?cid=3660456013362793520
高雄市,美濃夜市,22.9042728,120.5382274,ChIJd7uw9flBbjQRCFUA8ZDcpoA,"['Monday: Closed', 'Tuesday: Closed', 'Wednesday: Closed', 'Thursday: Closed', 'Friday: 5:00\u2009–\u200911:30\u202fPM', 'Saturday: Closed', 'Sunday: Closed']",https://maps.google.com/?cid=9270339398065476872
高雄市,橋頭星期一夜市,22.7539031,120.3089574,ChIJv7EGAFcObjQRJFYCZoEDtNQ,[],https://maps.google.com/?cid=15326879286145734180
高雄市,橋頭星期六夜市,22.7539031,120.3089574,ChIJv7EGAFcObjQRJFYCZoEDtNQ,[],https://maps.google.com/?cid=15326879286145734180
高雄市,橋頭菁埔廣場夜市,22.7427731,120.3158767,ChIJq7l8qVsPbjQRGYgJnDy7OOA,[],https://maps.google.com/?cid=16156869532181956633
高雄市,五里林夜市,22.765981,120.292928,ChIJNyWBkvQObjQRUvVX3VWcSXI,[],https://maps.google.com/?cid=8235285286223344978
高雄市,九甲圍夜市,22.744769,120.29382,ChIJj7ZitwEPbjQRGyKCTf4a05M,[],https://maps.google.com/?cid=10651887223185744411
高雄市,蚵仔寮海邊夜市,22.7319668,120.2483211,ChIJc2Nr_rQIbjQRrrVWUJYJrns,"['Monday: Closed', 'Tuesday: Closed', 'Wednesday: Closed', 'Thursday: 5:30\u2009–\u200911:30\u202fPM', 'Friday: Closed', 'Saturday: Closed', 'Sunday: Closed']",https://maps.google.com/?cid=8912071253810394542
高雄市,智蚵夜市,22.6272784,120.3014353,ChIJG3R6elFDbjQRNypzVEqiJkg,[],https://maps.google.com/?cid=5199021259973929527
高雄市,燕巢夜市,22.7937351,120.3633349,ChIJGWYp_xQSbjQR5BPImXDqCaU,"['Monday: Closed', 'Tuesday: 5:00\u202fPM\u2009–\u200912:00\u202fAM', 'Wednesday: Closed', 'Thursday: Closed', 'Friday: Closed', 'Saturday: 5:00\u202fPM\u2009–\u200912:00\u202fAM', 'Sunday: Closed']",https://maps.google.com/?cid=11892294060385768420
高雄市,岡山中山夜市,22.7951439,120.2983166,ChIJY25DztINbjQRyU2yI4ygKZI,"['Monday: 5:00\u202fPM\u2009–\u200912:00\u202fAM', 'Tuesday: Closed', 'Wednesday: Closed', 'Thursday: Closed', 'Friday: 5:00\u202fPM\u2009–\u200912:00\u202fAM', 'Saturday: 5:00\u202fPM\u2009–\u200912:00\u202fAM', 'Sunday: Closed']",https://maps.google.com/?cid=10532125727337369033
高雄市,岡山後紅夜市,22.7902964,120.3023134,ChIJVeZkIgANbjQREqdsVh3xlW4,"['Monday: Closed', 'Tuesday: Closed', 'Wednesday: Closed', 'Thursday: 5:30\u2009–\u200910:00\u202fPM', 'Friday: Closed', 'Saturday: Closed', 'Sunday: Closed']",https://maps.google.com/?cid=7968540224008267538
高雄市,路竹夜市,22.8542729,120.264192,ChIJzxvnR0cNbjQReh-T2pRdmaU,[],https://maps.google.com/?cid=11932671581598457722
高雄市,湖內大廟夜市,22.9072127,120.2142068,ChIJywELett0bjQRXZYImZRg6qk,"['Monday: Closed', 'Tuesday: 4:45\u2009–\u200910:00\u202fPM', 'Wednesday: Closed', 'Thursday: Closed', 'Friday: 4:45\u2009–\u200910:00\u202fPM', 'Saturday: Closed', 'Sunday: Closed']",https://maps.google.com/?cid=12243704728299017821
高雄市,湖內大湖夜市,22.8852298,120.2442053,ChIJWR9etKx0bjQRQYaq7nXXwVA,"['Monday: Closed', 'Tuesday: Closed', 'Wednesday: Closed', 'Thursday: 5:30\u202fPM\u2009–\u200912:00\u202fAM', 'Friday: Closed', 'Saturday: Closed', 'Sunday: 5:00\u202fPM\u2009–\u200912:00\u202fAM']",https://maps.google.com/?cid=5819169095054689857
高雄市,永安夜市,22.8112691,120.2397336,ChIJs25Hib8LbjQR9YrMZmxB7us,[],https://maps.google.com/?cid=17000597577207155445
高雄市,阿蓮夜市,22.8790711,120.3315546,ChIJFXDstrpybjQROYqiYFSMHAs,"['Monday: Closed', 'Tuesday: Closed', 'Wednesday: Closed', 'Thursday: 4:30\u2009–\u20099:00\u202fPM', 'Friday: Closed', 'Saturday: Closed', 'Sunday: Closed']",https://maps.google.com/?cid=800669127791512121
高雄市,茄萣夜市,22.8990409,120.1845134,ChIJF20s9CF1bjQRxXKh2p2Bi0c,"['Monday: Closed', 'Tuesday: Closed', 'Wednesday: Closed', 'Thursday: 5:00\u2009–\u200911:00\u202fPM', 'Friday: Closed', 'Saturday: Closed', 'Sunday: Closed']",https://maps.google.com/?cid=5155356713433526981
高雄市,大樹夜市,22.6908636,120.4319318,ChIJMXbRwLMQbjQRV9d6_3piE6E,"['Monday: Closed', 'Tuesday: Closed', 'Wednesday: 5:00\u2009–\u200910:30\u202fPM', 'Thursday: Closed', 'Friday: Closed', 'Saturday: Closed', 'Sunday: Closed']",https://maps.google.com/?cid=11606728945075672919
高雄市,九曲堂週二夜市,22.6508877,120.4225236,ChIJQWyXGsQbbjQRfpqAeEZBC_s,"['Monday: Closed', 'Tuesday: 4:30\u2009–\u200910:30\u202fPM', 'Wednesday: Closed', 'Thursday: Closed', 'Friday: Closed', 'Saturday: Closed', 'Sunday: Closed']",https://maps.google.com/?cid=18089624099188939390
高雄市,九曲堂週六夜市,22.6581249,120.4191284,ChIJm2DACxYabjQRtlRnHTsCoQQ,"['Monday: Closed', 'Tuesday: Closed', 'Wednesday: Closed', 'Thursday: Closed', 'Friday: Closed', 'Saturday: 5:00\u2009–\u200910:00\u202fPM', 'Sunday: Closed']",https://maps.google.com/?cid=333550300321764534
屏東縣,屏東民族路夜市,22.6698878,120.4898724,ChIJ7bo8UIQXbjQRFkgl26ajSYU,"['Monday: Open 24 hours', 'Tuesday: Open 24 hours', 'Wednesday: Open 24 hours', 'Thursday: Open 24 hours', 'Friday: Open 24 hours', 'Saturday: Open 24 hours', 'Sunday: Open 24 hours']",https://maps.google.com/?cid=9604387617380845590
屏東縣,墾丁大街,21.9458096,120.7970803,ChIJG7fKhoWxcTQR6CrWL3xdESQ,"['Monday: Open 24 hours', 'Tuesday: Open 24 hours', 'Wednesday: Open 24 hours', 'Thursday: Open 24 hours', 'Friday: Open 24 hours', 'Saturday: Open 24 hours', 'Sunday: Open 24 hours']",https://maps.google.com/?cid=2598961247929379560
屏東縣,恆春夜市,22.0030684,120.7415193,ChIJp7n3Kc-wcTQRJPFY4ct7uHM,"['Monday: Closed', 'Tuesday: Closed', 'Wednesday: Closed', 'Thursday: Closed', 'Friday: Closed', 'Saturday: Closed', 'Sunday: 6:00\u202fPM\u2009–\u200912:00\u202fAM']",https://maps.google.com/?cid=8338550825665753380
屏東縣,潮州夜市,22.5417447,120.5399393,ChIJo9vV4LshbjQRzV_E4BZBSy4,"['Monday: 5:00\u202fPM\u2009–\u200912:00\u202fAM', 'Tuesday: Closed', 'Wednesday: Closed', 'Thursday: Closed', 'Friday: 5:00\u202fPM\u2009–\u200912:00\u202fAM', 'Saturday: Closed', 'Sunday: Closed']",https://maps.google.com/?cid=3335831515514036173
屏東縣,愛國夜市,22.5516479,120.5506815,ChIJSReyvj4hbjQRqW_Mnmp9wpk,"['Monday: 12:00\u202fAM\u2009–\u200912:59\u202fPM, 4:00\u202fPM\u2009–\u200912:00\u202fAM', 'Tuesday: Closed', 'Wednesday: Closed', 'Thursday: Closed', 'Friday: 4:00\u202fPM\u2009–\u200912:00\u202fAM', 'Saturday: Closed', 'Sunday: Closed']",https://maps.google.com/?cid=11079555930169044905
屏東縣,萬丹夜市,22.593547,120.4906739,ChIJE44GY9wYbjQR2QxpyO1MKVU,"['Monday: Closed', 'Tuesday: Closed', 'Wednesday: Closed', 'Thursday: Closed', 'Friday: Closed', 'Saturday: Closed', 'Sunday: 6:00\u2009–\u200911:30\u202fPM']",https://maps.google.com/?cid=6136520551422299353
屏東縣,社皮夜市,22.6160486,120.4722356,ChIJ7_ILcQUZbjQRYfNbuRdCZAs,"['Monday: Closed', 'Tuesday: Closed', 'Wednesday: 6:00\u2009–\u200911:00\u202fPM', 'Thursday: Closed', 'Friday: Closed', 'Saturday: Closed', 'Sunday: Closed']",https://maps.google.com/?cid=820853701749764961
屏東縣,新庄夜市,22.5519759,120.5487597,ChIJgSJ04U7ZcTQRVYOms5RRIe0,[],https://maps.google.com/?cid=17087028160331416405
屏東縣,新園夜市,22.4739184,120.4447498,ChIJVRWjoYzhcTQR-4cw4zX0B_k,[],https://maps.google.com/?cid=17944579752563083259
屏東縣,新東夜市,22.6698878,120.4898724,ChIJ7bo8UIQXbjQRFkgl26ajSYU,"['Monday: Open 24 hours', 'Tuesday: Open 24 hours', 'Wednesday: Open 24 hours', 'Thursday: Open 24 hours', 'Friday: Open 24 hours', 'Saturday: Open 24 hours', 'Sunday: Open 24 hours']",https://maps.google.com/?cid=9604387617380845590
屏東縣,烏龍夜市,22.492926,120.459973,ChIJh5I_FN7hcTQR6s_iVVLCxJo,[],https://maps.google.com/?cid=11152252236160225258
屏東縣,高樹夜市,22.8254924,120.6003824,ChIJtedpDko_bjQRn-VG-97MMxg,[],https://maps.google.com/?cid=1743962738793047455
屏東縣,東港夜市,22.470722,120.4592643,ChIJF8M4Br7hcTQRjrRdyIbhz70,"['Monday: Closed', 'Tuesday: Closed', 'Wednesday: 5:00\u202fPM\u2009–\u200912:00\u202fAM', 'Thursday: Closed', 'Friday: Closed', 'Saturday: 5:00\u202fPM\u2009–\u200912:00\u202fAM', 'Sunday: Closed']",https://maps.google.com/?cid=13677398562350937230
屏東縣,繁華夜市,22.706837,120.574145,ChIJPcKg00o8bjQR61FOcSRtszA,[],https://maps.google.com/?cid=3509268537938956779
屏東縣,林邊夜市,22.4347039,120.5147274,ChIJUz_ZDY_gcTQRsaoTsBa5S3w,[],https://maps.google.com/?cid=8956455791050861233
屏東縣,南州夜市,22.4747339,120.5163949,ChIJP3xhSQPgcTQRcpl4ADYtg4I,[],https://maps.google.com/?cid=9404410156839115122
屏東縣,水底寮夜市,22.384065,120.5957366,ChIJuZ6I6Z_ecTQRXy-IaEjiO-A,"['Monday: Closed', 'Tuesday: Closed', 'Wednesday: Closed', 'Thursday: 6:00\u2009–\u200911:00\u202fPM', 'Friday: Closed', 'Saturday: Closed', 'Sunday: Closed']",https://maps.google.com/?cid=16157756888741064543
屏東縣,北勢寮夜市,22.3631982,120.5991042,ChIJ09iRCxXccTQRRbzxwrzwTLc,"['Monday: Closed', 'Tuesday: Closed', 'Wednesday: 3:30\u2009–\u200911:00\u202fPM', 'Thursday: Closed', 'Friday: Closed', 'Saturday: Closed', 'Sunday: 3:30\u2009–\u200911:00\u202fPM']",https://maps.google.com/?cid=13208196500685962309
屏東縣,里港夜市,22.7788968,120.4935761,ChIJm666j68VbjQRQgExzOcONzg,"['Monday: Closed', 'Tuesday: Closed', 'Wednesday: Closed', 'Thursday: 5:00\u2009–\u200910:30\u202fPM', 'Friday: Closed', 'Saturday: Closed', 'Sunday: 5:00\u2009–\u200910:30\u202fPM']",https://maps.google.com/?cid=4050722778569048386
屏東縣,石光見夜市,22.4299387,120.5628967,ChIJUeipc1LecTQR2SC0_9N-Gtg,"['Monday: Closed', 'Tuesday: Closed', 'Wednesday: Closed', 'Thursday: Closed', 'Friday: Closed', 'Saturday: 5:00\u2009–\u200910:00\u202fPM', 'Sunday: Closed']",https://maps.google.com/?cid=15571898110580105433
屏東縣,鹽埔夜市,22.7567533,120.5755882,ChIJMeM-ohE_bjQR226XNYMgMfM,"['Monday: Open 24 hours', 'Tuesday: Open 24 hours', 'Wednesday: Open 24 hours', 'Thursday: Open 24 hours', 'Friday: Open 24 hours', 'Saturday: Open 24 hours', 'Sunday: Open 24 hours']",https://maps.google.com/?cid=17523823372987231963
屏東縣,新圍夜市,22.5519759,120.5487597,ChIJgSJ04U7ZcTQRVYOms5RRIe0,[],https://maps.google.com/?cid=17087028160331416405
屏東縣,長治夜市,22.6750518,120.5231554,ChIJC9ouwt8XbjQRJGYiY-zJE68,"['Monday: Closed', 'Tuesday: 5:00\u2009–\u20099:30\u202fPM', 'Wednesday: Closed', 'Thursday: 5:00\u2009–\u20099:30\u202fPM', 'Friday: Closed', 'Saturday: Closed', 'Sunday: Closed']",https://maps.google.com/?cid=12615648998307554852
屏東縣,九如夜市,22.7345457,120.4884135,ChIJq6pqZWQWbjQRgu2FCu8P9yo,[],https://maps.google.com/?cid=3095960788188654978
屏東縣,西勢夜市,22.617149,120.5228855,ChIJZ7RY0xgZbjQRUDBKMIYTkf4,"['Monday: Closed', 'Tuesday: Closed', 'Wednesday: 3:00\u2009–\u200911:00\u202fPM', 'Thursday: Closed', 'Friday: Closed', 'Saturday: 3:00\u2009–\u200911:30\u202fPM', 'Sunday: Closed']",https://maps.google.com/?cid=18343464224313454672
屏東縣,水門夜市,22.7051259,120.639977,ChIJk6nyCOg7bjQR3ze1ogutBbE,"['Monday: Closed', 'Tuesday: Closed', 'Wednesday: Closed', 'Thursday: Closed', 'Friday: Closed', 'Saturday: 5:30\u2009–\u200910:30\u202fPM', 'Sunday: Closed']",https://maps.google.com/?cid=12755791785082828767
屏東縣,隘寮夜市,22.700876,120.631991,ChIJ3RvQjO07bjQRenUgIbHvCys,[],https://maps.google.com/?cid=3101836312418743674
屏東縣,龍泉夜市,22.6694387,120.5984862,ChIJD012V5I8bjQRgBYcvXY_Nxs,"['Monday: Closed', 'Tuesday: Closed', 'Wednesday: Closed', 'Thursday: Closed', 'Friday: Closed', 'Saturday: Closed', 'Sunday: 5:00\u2009–\u200910:30\u202fPM']",https://maps.google.com/?cid=1961105941954565760
屏東縣,老埤夜市,22.6396669,120.6113599,ChIJuRIpVq48bjQRfLML4Gcb1Lk,[],https://maps.google.com/?cid=13390357725033771900
屏東縣,楓港夜市,22.1925028,120.6901765,ChIJyyRGlMDFcTQR2WtD-P4scgU,"['Monday: Closed', 'Tuesday: Closed', 'Wednesday: Closed', 'Thursday: Closed', 'Friday: 6:00\u2009–\u20099:00\u202fPM', 'Saturday: Closed', 'Sunday: Closed']",https://maps.google.com/?cid=392425591133137881
屏東縣,佳佐夜市,22.570714,120.596327,ChIJ5e3L-cEjbjQREiiHX10-o6c,[],https://maps.google.com/?cid=12079567196293376018
屏東縣,餉潭夜市,22.4763965,120.6151354,ChIJnSZ6EbIgbjQR4QvSEzqJNLY,[],https://maps.google.com/?cid=13129269696225479649
屏東縣,七佳夜市,22.429765,120.627715,ChIJ5eZ_2dHYcTQRmT92qQqOzEc,[],https://maps.google.com/?cid=5173666248385773465
屏東縣,望嘉夜市,22.465168,120.619585,ChIJV31ttqogbjQR3OLXeq2Jrl4,[],https://maps.google.com/?cid=6822541863696196316
花蓮縣,花蓮東大門國際觀光夜市,23.9728958,121.6098425,ChIJe9CnIeqfaDQRv949WQPz6yo,"['Monday: 5:30\u2009–\u200910:30\u202fPM', 'Tuesday: 5:30\u2009–\u200910:30\u202fPM', 'Wednesday: 5:30\u2009–\u200910:30\u202fPM', 'Thursday: 5:30\u2009–\u200910:30\u202fPM', 'Friday: 5:30\u2009–\u200910:30\u202fPM', 'Saturday: 5:30\u2009–\u200910:30\u202fPM', 'Sunday: 5:30\u2009–\u200910:30\u202fPM']",https://maps.google.com/?cid=3092832764827655871
花蓮縣,崇德夜市,24.164149,121.65093,ChIJz0sr2ckpZjQRh08Rr8jHyWA,[],https://maps.google.com/?cid=6974325162704457607
花蓮縣,太魯閣夜市,24.154246,121.622175,ChIJnUvqo4SCaDQRGR0tO8GxntA,[],https://maps.google.com/?cid=15032648049688911129
花蓮縣,新城夜市,24.0325081,121.6043197,ChIJX6mIIHOeaDQRXqFmoRnnu94,"['Monday: 5:00\u2009–\u200910:30\u202fPM', 'Tuesday: 5:00\u2009–\u200910:30\u202fPM', 'Wednesday: 5:00\u2009–\u200910:30\u202fPM', 'Thursday: 5:00\u2009–\u200910:30\u202fPM', 'Friday: 5:00\u2009–\u200910:30\u202fPM', 'Saturday: 5:00\u2009–\u200910:30\u202fPM', 'Sunday: 5:00\u2009–\u200910:30\u202fPM']",https://maps.google.com/?cid=16049675794332950878
花蓮縣,北埔廟口夜市,24.0325081,121.6043197,ChIJX6mIIHOeaDQRXqFmoRnnu94,"['Monday: 5:00\u2009–\u200910:30\u202fPM', 'Tuesday: 5:00\u2009–\u200910:30\u202fPM', 'Wednesday: 5:00\u2009–\u200910:30\u202fPM', 'Thursday: 5:00\u2009–\u200910:30\u202fPM', 'Friday: 5:00\u2009–\u200910:30\u202fPM', 'Saturday: 5:00\u2009–\u200910:30\u202fPM', 'Sunday: 5:00\u2009–\u200910:30\u202fPM']",https://maps.google.com/?cid=16049675794332950878
花蓮縣,北埔夜市,24.0396653,121.6031435,ChIJNY3Oc3WeaDQR1SuMy1ARaJk,"['Monday: 6:00\u2009–\u200910:00\u202fPM', 'Tuesday: Closed', 'Wednesday: Closed', 'Thursday: 6:00\u2009–\u200910:00\u202fPM', 'Friday: Closed', 'Saturday: Closed', 'Sunday: Closed']",https://maps.google.com/?cid=11054104324090899413
花蓮縣,美崙夜市,24.0021612,121.6237413,ChIJU9iOxiieaDQRE0w2l9PdfvI,"['Monday: Closed', 'Tuesday: Closed', 'Wednesday: Closed', 'Thursday: Closed', 'Friday: Closed', 'Saturday: 6:00\u2009–\u200911:00\u202fPM', 'Sunday: Closed']",https://maps.google.com/?cid=17473647505088859155
花蓮縣,太昌夜市,23.9933138,121.5733411,ChIJscaukA-faDQR4IgkIWzwcj4,"['Monday: Closed', 'Tuesday: Closed', 'Wednesday: Closed', 'Thursday: 4:00\u2009–\u200910:00\u202fPM', 'Friday: Closed', 'Saturday: Closed', 'Sunday: Closed']",https://maps.google.com/?cid=4499923324899723488
花蓮縣,南埔夜市,23.9642132,121.587464,ChIJVzl4vIafaDQRTn26D9z5QKw,"['Monday: Closed', 'Tuesday: 5:00\u2009–\u200910:00\u202fPM', 'Wednesday: Closed', 'Thursday: Closed', 'Friday: Closed', 'Saturday: Closed', 'Sunday: Closed']",https://maps.google.com/?cid=12412195296585088334
花蓮縣,志學夜市,23.9871589,121.6015714,ChIJAxIodMGzaDQRcx386sY33lo,[],https://maps.google.com/?cid=6547732235728723315
花蓮縣,壽豐夜市,23.8694574,121.5085577,ChIJq5rM9EGkaDQRtJq8ObdEp2k,"['Monday: Closed', 'Tuesday: Closed', 'Wednesday: 5:00\u202fPM\u2009–\u200912:00\u202fAM', 'Thursday: Closed', 'Friday: Closed', 'Saturday: Closed', 'Sunday: Closed']",https://maps.google.com/?cid=7613129248831478452
花蓮縣,林榮夜市,23.8025794,121.4523369,ChIJ5fVFxuavaDQRq5kiXsznVmA,[],https://maps.google.com/?cid=6941990740576868779
花蓮縣,鳳林夜市,23.7454079,121.4491713,ChIJMxKQPwCyaDQRcROOyAs-I5k,"['Monday: Closed', 'Tuesday: Closed', 'Wednesday: Closed', 'Thursday: Closed', 'Friday: Closed', 'Saturday: 5:30\u2009–\u20099:30\u202fPM', 'Sunday: Closed']",https://maps.google.com/?cid=11034731732318163825
花蓮縣,光復夜市,23.6662826,121.4274597,ChIJsf0ZwbmyaDQRjBblZIHpZpc,"['Monday: Closed', 'Tuesday: Closed', 'Wednesday: Closed', 'Thursday: Closed', 'Friday: Closed', 'Saturday: Closed', 'Sunday: 6:00\u2009–\u200910:00\u202fPM']",https://maps.google.com/?cid=10909663889304393356
花蓮縣,富源夜市,23.5766674,121.3758924,ChIJZxgS9KFObzQRQHBNhduyJsA,"['Monday: Closed', 'Tuesday: Closed', 'Wednesday: Closed', 'Thursday: 6:00\u2009–\u200910:00\u202fPM', 'Friday: Closed', 'Saturday: Closed', 'Sunday: Closed']",https://maps.google.com/?cid=13845950760301195328
花蓮縣,瑞穗夜市,23.4937359,121.3822143,ChIJfbFBI4pFbzQR1ravVnCbKLE,"['Monday: Closed', 'Tuesday: 6:00\u2009–\u200910:00\u202fPM', 'Wednesday: Closed', 'Thursday: Closed', 'Friday: Closed', 'Saturday: Closed', 'Sunday: Closed']",https://maps.google.com/?cid=12765624050574669526
花蓮縣,玉里夜市,23.3279329,121.3200721,ChIJy-IN8GRqbzQRjbwuQJ2ewXQ,"['Monday: Closed', 'Tuesday: Closed', 'Wednesday: Closed', 'Thursday: Closed', 'Friday: 6:00\u2009–\u200910:00\u202fPM', 'Saturday: Closed', 'Sunday: Closed']",https://maps.google.com/?cid=8413179977128656013
花蓮縣,富里夜市,23.172614,121.2471946,ChIJlQG-hFkNbzQRTKiU0G77uWQ,"['Monday: 6:00\u2009–\u200910:00\u202fPM', 'Tuesday: Closed', 'Wednesday: Closed', 'Thursday: Closed', 'Friday: Closed', 'Saturday: Closed', 'Sunday: Closed']",https://maps.google.com/?cid=7258108727848642636
臺東縣,臺東觀光夜市,22.754892,121.1488487,ChIJ3U0FSD65bzQR7dVGoMm3WOM,"['Monday: Closed', 'Tuesday: Closed', 'Wednesday: Closed', 'Thursday: 4:00\u202fPM\u2009–\u200912:00\u202fAM', 'Friday: 4:00\u202fPM\u2009–\u200912:00\u202fAM', 'Saturday: 4:00\u202fPM\u2009–\u200912:00\u202fAM', 'Sunday: Closed']",https://maps.google.com/?cid=16382045721165485549
臺東縣,知本夜市,22.7100729,121.0570699,ChIJzyciVh7IbzQR2sOPgjfsxcw,"['Monday: Closed', 'Tuesday: Closed', 'Wednesday: Closed', 'Thursday: Closed', 'Friday: 5:30\u2009–\u200910:30\u202fPM', 'Saturday: Closed', 'Sunday: Closed']",https://maps.google.com/?cid=14755459477307114458
臺東縣,四維夜市,22.7543813,121.1605317,ChIJpVLEC0e5bzQR6IOUV-SoEY8,"['Monday: Closed', 'Tuesday: Closed', 'Wednesday: Closed', 'Thursday: Closed', 'Friday: Closed', 'Saturday: Closed', 'Sunday: 6:00\u202fPM\u2009–\u200912:00\u202fAM']",https://maps.google.com/?cid=10309206720703136744
臺東縣,太平夜市,22.7819268,121.0866056,ChIJMyziNfu5bzQR0jY_hfPtEXE,"['Monday: Closed', 'Tuesday: Closed', 'Wednesday: Closed', 'Thursday: Closed', 'Friday: Closed', 'Saturday: 6:00\u2009–\u200910:30\u202fPM', 'Sunday: Closed']",https://maps.google.com/?cid=8147554831058286290
臺東縣,太麻里觀光夜市,22.6112999,121.0023287,ChIJJ98JHJHObzQRK1yWFIOC0Hg,"['Monday: Closed', 'Tuesday: 5:00\u2009–\u20098:40\u202fPM', 'Wednesday: Closed', 'Thursday: Closed', 'Friday: Closed', 'Saturday: Closed', 'Sunday: Closed']",https://maps.google.com/?cid=8705601579204893739
臺東縣,金崙夜市,22.5314143,120.9637312,ChIJdwbx7kfSbzQRqcNwoOtHX-Y,"['Monday: Open 24 hours', 'Tuesday: Open 24 hours', 'Wednesday: Open 24 hours', 'Thursday: Open 24 hours', 'Friday: Open 24 hours', 'Saturday: Open 24 hours', 'Sunday: Open 24 hours']",https://maps.google.com/?cid=16600065828845568937
臺東縣,大武夜市,22.3626995,120.9068603,ChIJabzWi9cqcDQRairyDmJCkvo,"['Monday: Closed', 'Tuesday: Closed', 'Wednesday: 6:00\u2009–\u200910:00\u202fPM', 'Thursday: Closed', 'Friday: Closed', 'Saturday: Closed', 'Sunday: Closed']",https://maps.google.com/?cid=18055566845006719594
臺東縣,池上夜市,23.1240461,121.2213153,ChIJB0ImcWAMbzQRU9BDmP1bmXU,"['Monday: Closed', 'Tuesday: Closed', 'Wednesday: 5:00\u2009–\u200910:00\u202fPM', 'Thursday: Closed', 'Friday: Closed', 'Saturday: 5:00\u2009–\u200910:00\u202fPM', 'Sunday: Closed']",https://maps.google.com/?cid=8473905318613733459
臺東縣,關山夜市,23.0489171,121.1634765,ChIJT7jo8PAJbzQROkgk-lYpnT8,"['Monday: Closed', 'Tuesday: Closed', 'Wednesday: Closed', 'Thursday: 4:00\u2009–\u200910:00\u202fPM', 'Friday: Closed', 'Saturday: Closed', 'Sunday: Closed']",https://maps.google.com/?cid=4583865449273641018
臺東縣,長濱夜市,23.3152538,121.4525612,ChIJcbEzcYtdbzQR1Vw-dRi8BnA,"['Monday: Closed', 'Tuesday: 5:00\u2009–\u20099:00\u202fPM', 'Wednesday: Closed', 'Thursday: Closed', 'Friday: Closed', 'Saturday: Closed', 'Sunday: Closed']",https://maps.google.com/?cid=8072346195340451029
臺東縣,桃源夜市,22.7972447,121.0713702,ChIJAQQqpdK4bzQR__KzdeRxaM8,[],https://maps.google.com/?cid=14945320589470200575
臺東縣,新港夜市,22.7972447,121.0713702,ChIJAQQqpdK4bzQR__KzdeRxaM8,[],https://maps.google.com/?cid=14945320589470200575
臺東縣,東清夜市,22.0579732,121.5655392,ChIJaWAdK-QIcDQRztE4yBV__q8,"['Monday: 6:30\u2009–\u200910:00\u202fPM', 'Tuesday: 6:30\u2009–\u200910:00\u202fPM', 'Wednesday: 6:30\u2009–\u200910:00\u202fPM', 'Thursday: 6:30\u2009–\u200910:00\u202fPM', 'Friday: 6:30\u2009–\u200910:00\u202fPM', 'Saturday: 6:30\u2009–\u200910:00\u202fPM', 'Sunday: 6:30\u2009–\u200910:00\u202fPM']",https://maps.google.com/?cid=12681713332252103118
澎湖縣,西文祖師廟夜市,23.5654455,119.5824553,ChIJhdhJk_BbbDQR38VlwXNryVI,"['Monday: 6:00\u202fAM\u2009–\u20099:00\u202fPM', 'Tuesday: 6:00\u202fAM\u2009–\u20099:00\u202fPM', 'Wednesday: 6:00\u202fAM\u2009–\u20099:00\u202fPM', 'Thursday: 6:00\u202fAM\u2009–\u20099:00\u202fPM', 'Friday: 6:00\u202fAM\u2009–\u20099:00\u202fPM', 'Saturday: 6:00\u202fAM\u2009–\u20099:00\u202fPM', 'Sunday: 6:00\u202fAM\u2009–\u20099:00\u202fPM']",https://maps.google.com/?cid=5965417326339016159
澎湖縣,北甲宮夜市,23.5661389,119.5652087,ChIJ-djHO_NabDQR905_ccpYbMA,[],https://maps.google.com/?cid=13865554979277721335
澎湖縣,馬公夜市,23.5650194,119.5824758,ChIJrdTnzMFabDQRIZfMlD2fbNM,"['Monday: 5:00\u2009–\u200911:00\u202fPM', 'Tuesday: 5:00\u2009–\u200911:00\u202fPM', 'Wednesday: 5:00\u2009–\u200911:00\u202fPM', 'Thursday: 5:00\u2009–\u200911:00\u202fPM', 'Friday: 5:00\u2009–\u200911:00\u202fPM', 'Saturday: 5:00\u2009–\u200911:00\u202fPM', 'Sunday: 5:00\u2009–\u200911:00\u202fPM']",https://maps.google.com/?cid=15234726726325802785
金門縣,金門體育館夜市,24.4299266,118.3144166,ChIJg6uqHW2iFDQR1hhwQllB0AY,[],https://maps.google.com/?cid=490964211005921494
金門縣,金門救國團夜市,24.34877912595629,118.3285644254523,ChIJI0WZm4qdazQRz9u9fiyNIhw,[],https://maps.google.com/?cid=2027338004514593743
連江縣,南竿馬港觀光夜市,26.1602552,119.9191047,ChIJbTMx-axxQTQR6BJVWV0bnxc,[],https://maps.google.com/?cid=1702109271913992936
